Feature ID	Taxon	Confidence
124f8b6055fac5ead3ed84f9d1970c01	k__Chromista;p__Bacillariophyta	0.990288882908109
3852db55d7c0f7ba74b209ca8a25e548	k__Chromista;p__Bacillariophyta	0.9833128662073592
0031de89471fcfeebf63b9e7954ed19b	k__Chromista;p__Bacillariophyta	0.9842498412278572
857a5f90f273e046f69aa9ee90b948e4	k__Chromista;p__Bacillariophyta	0.9758859304653822
b213a781be27e51aedbb0965b3a1fb92	k__Chromista;p__Bacillariophyta	0.9762107222474283
e70cff011a0825314d699a4db4d9bc9f	k__Chromista;p__Bacillariophyta;c__Bacillariophyceae	0.7211253594089982
02ec571735086caea9c49879a54b93fb	k__Chromista;p__Bacillariophyta	0.9839962012980816
4f7c94b366b2acf834fd4fc81997bbd8	k__Chromista;p__Bacillariophyta	0.9899071253672742
22064f66deb0ed144b76ccfc4cac98e3	k__Chromista;p__Bacillariophyta	0.98946550755615
072c5e58c5042380ac3e3384f9dbb6e2	k__Chromista;p__Bacillariophyta	0.9848540049049599
b0be034ccfeff81a3e30607473103a80	k__Chromista;p__Bacillariophyta	0.9928204102916273
c3b6896ec211bb2b4aec43b415ad4d92	k__Chromista;p__Bacillariophyta	0.991734061999028
021a3616297f3ff1c560c3bff40dd9c3	k__Chromista;p__Bacillariophyta	0.9769645897173691
97e6213714781e1877c206d302aeb31a	k__Chromista;p__Bacillariophyta	0.9822287314792668
8400dd42cdf67c127ae0ba35d63bc01c	k__Chromista;p__Bacillariophyta	0.9873615923159621
75a6f5b9f50434c110fa9b3ee9a4260f	k__Chromista;p__Bacillariophyta	0.981519707581793
c742f07422def1727ee7c94222fd4ad7	k__Chromista;p__Bacillariophyta	0.9819091567935778
e7a6bce10802e3de2a6377b18ac1361d	k__Chromista;p__Bacillariophyta	0.9899166648276236
d369b6ab7a557d6308d30448f47736e1	k__Chromista;p__Bacillariophyta	0.9860994501084666
bec7bffd0935f559078ad3c07a804fd3	k__Chromista;p__Bacillariophyta	0.9865003907986613
758b2bf12441b6ac5b7077d484261e31	k__Chromista;p__Bacillariophyta	0.986186527858055
c54bdda1a08cf38acac3639b2cf536f0	k__Chromista;p__Bacillariophyta	0.9821269202117879
d59423275a4b0d4c183880016b7fd19b	k__Chromista;p__Bacillariophyta	0.9840172041478088
592f2f3a16d15cb7bb142381e63de86a	k__Chromista;p__Bacillariophyta	0.9737927432666882
b4ef6de977538045dd8fc80cf2a143b4	k__Chromista;p__Bacillariophyta	0.9888685403849202
e1a0517a22b7f2b2eab0f2d677131353	k__Chromista;p__Bacillariophyta	0.9766061428157038
fca53ac292a69ac4a7ff5d6b8eb72fef	k__Chromista;p__Bacillariophyta	0.9699565241054801
34c9f796f2e094a4a7e55cfdbfa50e5d	k__Chromista;p__Bacillariophyta	0.9753968481108263
79d88f66ab7a7323a5ffcbbd8539d58f	k__Chromista;p__Bacillariophyta	0.9893281831204306
2770d8d4f019f6c76c3d2ef80b4c037d	k__Chromista;p__Bacillariophyta	0.9753292514869182
385e5662f27835fc0f9fdc7d2b55aa5e	k__Chromista;p__Bacillariophyta	0.9890964459325834
d544747eda30110ec758c5c78864bb77	k__Chromista;p__Bacillariophyta	0.9878586891856185
d46c910e7e8bb098a1dc069b65d3fda3	k__Chromista;p__Bacillariophyta	0.9926492911344033
729315c3760a903d242348767253db1c	Unassigned	0.7617007205537092
314b87e2d0b1609e056865797d90b6fe	k__Chromista;p__Bacillariophyta	0.9835373724907559
799ba0a0f0f8a2295219f076fe0e0550	k__Chromista;p__Bacillariophyta	0.9735093630132899
da8e102cb12266b7543fe8601cf96c43	k__Chromista;p__Bacillariophyta	0.9878425747395094
694258796c65c37782e68312770ec29b	k__Chromista;p__Bacillariophyta	0.9907822743695259
c751ee48f10c3a9eae9f3952ec888ce1	k__Chromista;p__Bacillariophyta;c__Bacillariophyceae	0.9847128438053405
b7d4b27eb7be6a43b4e3cc135dba904c	k__Chromista;p__Bacillariophyta;c__Bacillariophyceae	0.9494618901602933
2233a5c632b83012b1f76428631f4a33	k__Chromista;p__Bacillariophyta;c__Bacillariophyceae;o__Naviculales;f__Pinnulariaceae;g__Caloneis	0.999996043786277
342909bfd13dc0299769578d56f1055b	k__Chromista;p__Bacillariophyta;c__Bacillariophyceae;o__Naviculales;f__Pinnulariaceae;g__Pinnularia;s__Pinnularia_neomajor	0.7331550712656026
495de92c632b8d62a98b3cc6d41d3374	k__Chromista;p__Bacillariophyta;c__Bacillariophyceae;o__Achnanthales;f__Cocconeidaceae;g__Cocconeis;s__Cocconeis_mascarenica	0.8341841455906488
33694f20f81d55ed32bff4b74459905b	k__Chromista;p__Bacillariophyta;c__Bacillariophyceae;o__Cymbellales;f__Gomphonemataceae;g__Reimeria;s__Reimeria_sinuata	0.9976981991368998
23fa923ee6b9ef4284796dd1f143fb0e	k__Chromista;p__Bacillariophyta;c__Fragilariophyceae;o__Fragilariales;f__Fragilariaceae;g__Staurosira;s__Staurosira_sp.	0.9388064739538924
b05fd338df7a6e28668a7d37e167c444	k__Chromista;p__Bacillariophyta	0.9158996859600809
1d456d7215bc64771b281912bcc912b8	k__Chromista	0.9950004634311812
85691467e105ce410055fc5ee711f2eb	Unassigned	0.9723725500386348
b1ffa7e9689cff3c400117684cc899a9	k__Chromista;p__Bacillariophyta	0.9916382842900324
6232134c2967945791f87a3146b0a07d	Unassigned	0.37178603126100773
47543964b89c2807bcc9202318ad171b	k__Chromista;p__Bacillariophyta	0.992944168651822
09bb09655dd06a00b6cd6765161a90f1	k__Chromista;p__Bacillariophyta	0.9800147895696759
94cbc09a719679a875a21d1c63bcc81b	k__Chromista;p__Bacillariophyta	0.9867057290874997
f3c050b919b689bfdc8847da01143824	k__Chromista;p__Bacillariophyta	0.9865070381104976
2953967925ec15c9b823e097f3076eef	k__Chromista;p__Bacillariophyta	0.9898337347274464
677029ca41bae289938527b5f6a8e4b8	k__Chromista;p__Bacillariophyta	0.9883381713792985
f22147429d287ca7c33608ade5b184fc	k__Chromista;p__Bacillariophyta	0.993309068823382
2c56d1db33b7020e85daf973939eac8f	k__Chromista;p__Bacillariophyta	0.9907745111786329
e31033b08dbaf83757fbfd2cfd5c9f87	k__Chromista;p__Bacillariophyta	0.9817197797330485
e5fedad0d29d6fc1b183bc544e305394	k__Chromista;p__Bacillariophyta	0.9905623207326603
e8e024ac5546a96a3f4097f5272f7f02	k__Chromista;p__Bacillariophyta	0.9841274205772776
c60a05fccd9ebcaa2c6aa3e5213c1dc5	k__Chromista;p__Bacillariophyta	0.988999303255188
8d79af29174d049878367ba017c47b38	k__Chromista;p__Bacillariophyta	0.9865714638453446
9f811cb54d2c52bd086ca23a6ba8a8ef	k__Chromista;p__Bacillariophyta	0.9911276445443836
80f92e65c862cb97086ae708a1033e40	k__Chromista;p__Bacillariophyta	0.9846736947982985
ec70cd9b5688fb6fe5b70cf35a39dc4b	k__Chromista;p__Bacillariophyta	0.9859993331318315
7b95cf9386a5bcc66a0c247288347390	k__Chromista;p__Bacillariophyta	0.9825842752839732
087fc32bd62979cd51d50a5eb73a913d	k__Chromista;p__Bacillariophyta	0.9891791475727447
854dc78b687a1c7062f9382d88854659	k__Chromista;p__Bacillariophyta	0.9919121195970462
808b197a7de9d86ad778a4a9d9152d6e	k__Chromista;p__Bacillariophyta	0.9818297520326209
74ceb6a3fa6e85c369f798261b30ff3b	k__Chromista;p__Bacillariophyta	0.9897442796183173
946bbc0193142f5900900c15e9c00797	k__Chromista;p__Bacillariophyta	0.9811681915484325
2870019a171a231c022ebd7a10937c7f	k__Chromista;p__Bacillariophyta	0.9901538869197306
c7da8bfc7882ead731e54127bf8570d3	k__Chromista;p__Bacillariophyta	0.9750029048084382
21f3a6ec77cfd65b6fc2030eadf596d0	k__Chromista;p__Bacillariophyta	0.9766355954185636
0278e821a1e20b3eb82dbe1adbffd82a	k__Chromista;p__Bacillariophyta	0.9966846308155103
b539216e9219db66f41a7c513a05e268	k__Chromista;p__Bacillariophyta	0.9925914273995101
afface98a80661686d64311679f78b71	k__Chromista;p__Bacillariophyta	0.9877693422487217
4726d2d1d4fcd3e7c386a08f9d0cb6f9	k__Chromista;p__Bacillariophyta	0.9920239458842207
bd9b14098578f26f062d4dcb59b50df9	k__Chromista;p__Bacillariophyta	0.9880053470530157
a86b8f83742c2633387e6a150edc3788	k__Chromista;p__Bacillariophyta	0.9848845693345997
de9dfbab3f9dac620b3befc40e20d2de	Unassigned	0.9821451319439879
94aedbb2adac9bcbaf98af9f005851da	k__Chromista;p__Bacillariophyta	0.9893682561793027
66205d6fff85b8f14b3db8864980ba6d	k__Chromista;p__Bacillariophyta	0.9899233164024708
d3d21905a3a481e4c3afad4cbc14e511	k__Chromista;p__Bacillariophyta	0.9862563711173966
7bc9dd01115c35a960d4d1a52d51eddd	k__Chromista;p__Bacillariophyta	0.9890063783069365
2d022edbda1faef2b2a93ae564b20fe8	k__Chromista;p__Bacillariophyta	0.9918029259161625
2299be90591b9b205b68a583abb4bbe3	k__Chromista;p__Bacillariophyta	0.988466243231898
ed1901c16e2b9fcbb3bc3538977b9d0e	k__Chromista;p__Bacillariophyta	0.9834486431713649
756448cdb20f4898d0c829b35ef35701	k__Chromista;p__Bacillariophyta	0.9692717050575328
3ce640242baff012d7efea27b3cff1a9	k__Chromista;p__Bacillariophyta	0.9880945668782586
552c3ea9af75229146728bccc0a46410	k__Chromista;p__Bacillariophyta	0.9882543021783253
bd1ac1e9bf4abcd6b988bd38bb72dceb	k__Chromista;p__Bacillariophyta	0.9837941620621049
d4c68da61050d19d50cdf09b90ce5916	k__Chromista;p__Bacillariophyta	0.9881300159239677
2cccc8873fd9b600af2cdb429e53a3a8	k__Chromista;p__Bacillariophyta	0.9876409750855515
9c7b179ae8f0de99eddf07029d984aba	k__Chromista;p__Bacillariophyta	0.9854159199373546
c00d8e87c65a63f7fb0401bcfe8751f4	k__Chromista;p__Bacillariophyta	0.9894242030923236
675529505bfe08dcd0a609ece140cb3b	k__Chromista;p__Bacillariophyta	0.9903437975913136
5026d39e4a7d1c0d68637793d705efea	k__Chromista;p__Bacillariophyta	0.9917553807117552
eb8e0adae77926b2dc7223bb3441596e	k__Chromista;p__Bacillariophyta	0.9901718409662653
a195bf10d9a2b062901550f474e4b5f0	k__Chromista;p__Bacillariophyta	0.9981874956377952
469d5ce82be111abf278923f87ffb75e	k__Chromista;p__Bacillariophyta	0.9866204753697261
c23c93bba9f43661cf628825acf3c57c	k__Chromista;p__Bacillariophyta	0.971360477453842
ac323c20bb93ac4b80d394ed58cb9a84	k__Chromista;p__Bacillariophyta	0.9772110504581502
db43021fed3030090e53e6cb34b7b315	k__Chromista;p__Bacillariophyta	0.9787088441650823
a8fd581bb883897731fb3244323b2b78	k__Chromista;p__Bacillariophyta	0.985817902189676
56aad81f6129442d393b2dfb10b0063b	k__Chromista;p__Bacillariophyta	0.9904669889720001
d9a38ddfe58303d8a05c701196c9093b	k__Chromista;p__Bacillariophyta	0.9864861119814419
9bf7d7b356d2c5bdf62917cf289727b5	k__Chromista;p__Bacillariophyta	0.9899149509965005
fd9137d683307d035c76b5f51cf1277f	k__Chromista;p__Bacillariophyta	0.9817170548159766
135cfeb91d0342d62c5f84ffd8c6ecb9	k__Chromista;p__Bacillariophyta	0.990686246158853
036ebd655f57eaf886608b8ef82cbe9f	k__Chromista;p__Bacillariophyta	0.9837991349948045
55942aa5718f0512225e793a623514af	k__Chromista;p__Bacillariophyta	0.9942587104554984
ef76c91a20097492a0329076aa1b8600	Unassigned	0.9557506850055428
fe8516274782290ba215401fc9f76ca4	k__Chromista;p__Bacillariophyta	0.983267383768355
e12a12a924720c0dfc6b9de4651b1698	k__Chromista;p__Bacillariophyta	0.9880521142315891
6dea926baee672e5428e1bc9ccfe1f4b	k__Chromista;p__Bacillariophyta	0.9770063307539874
682799e6dfebf1964d12b0ad31991f9c	k__Chromista;p__Bacillariophyta	0.9871263759739449
eb0ad2a5cf6e405a1b0cbd8c88f90bf8	k__Chromista;p__Bacillariophyta	0.9890502016781744
af0f382ee057ed0b08b1459c078f968e	k__Chromista;p__Bacillariophyta	0.987778470183571
76715dd305e2075d239c02fdd4edb39a	k__Chromista;p__Bacillariophyta	0.9839191224145776
0736b992fea14dbe2b7713c15507c7ad	Unassigned	0.9686041158167807
3a555391b1d1c337edeb73a900cf8eb5	k__Chromista;p__Bacillariophyta	0.9783817970570226
9731e646bca62a69a35996b45507d14e	k__Chromista;p__Bacillariophyta	0.9860268101849734
004bc6e2ca8ad8d82e7431f87ce2216a	k__Chromista;p__Bacillariophyta	0.9840126101130475
8ee44c3eb453d7f5f915ce222872dd14	k__Chromista;p__Ochrophyta;c__Chrysophyceae;o__Chromulinales;f__Dinobryaceae;g__Dinobryon;s__Dinobryon_sociale	0.9999722103636106
4936858f2109d89ca94b68b46345df96	k__Sar;p__Ochrophyta;c__Raphidophyceae;o__Chattonellales;f__Vacuolariaceae;g__Gonyostomum;s__Gonyostomum_semen_strain	0.9654203706324566
0944d92cb291a743cdccadac7405752a	k__Sar;p__Ochrophyta;c__Phaeothamniophyceae;o__Pleurochloridellales;f__Pleurochloridellaceae;g__Pleurochloridella;s__Pleurochloridella_botrydiopsis	0.8174676068055077
07547d342e9d4199f119be16ab63c4fd	k__Chromista;p__Bacillariophyta	0.9187823723883309
c97fb8f48a3825075630a32bded66eed	k__Chromista;p__Bacillariophyta;c__Bacillariophyceae	0.773785307742386
4a372340aee5b308c6bfb51086bcb6ca	k__Chromista;p__Bacillariophyta	0.9884895438369498
a57ac895e6a2156e69f7c152262d8c8e	k__Chromista;p__Bacillariophyta	0.9774977314539419
ad958c8a6256bc2133e869b754cebdb9	k__Chromista;p__Bacillariophyta	0.9863984021912386
d4d1c2aa90a433f1eea5d71ac9aed936	k__Chromista;p__Bacillariophyta	0.9916680923732343
0d8920a2693188a9c8bd81b0a27cc359	k__Chromista;p__Bacillariophyta	0.9924530391323738
b04ca30fe058a5d9d561034c6cfc9480	k__Chromista;p__Bacillariophyta	0.9890573147465114
8125fc19ce05664f78dd56ed11e9e6c2	k__Chromista;p__Bacillariophyta	0.9840145177151591
448e40ed6a55eff506902061fd8a49a1	k__Chromista;p__Bacillariophyta	0.9892533648446313
d295a754728520abf470960462819986	k__Chromista;p__Bacillariophyta	0.9866032310293364
ca6b20fe37f4174dd30ad0f61fe6069c	k__Chromista;p__Bacillariophyta	0.9878191557622703
aad0a8f07a6a8137376d8190748ab6b6	k__Chromista;p__Bacillariophyta	0.9885625515079515
ba26808c296d8b643b4255e38d2ca0ed	k__Chromista;p__Bacillariophyta	0.9779264148657403
0089768fc460ec1d25495cbfa69feebb	k__Chromista;p__Bacillariophyta	0.9871452716258939
83cd4b4c30403a090445fa7a168a3b2c	k__Chromista;p__Bacillariophyta	0.9866970404516601
5d7aa325f5427362123c977a8c81ee5d	k__Chromista	0.981119043714967
2c9086a94f24aff70d634da0599841f4	k__Chromista;p__Bacillariophyta	0.9828228439491237
56684b591a173b67c0e7eaf8aa5af0c8	k__Chromista;p__Bacillariophyta	0.9877885217671453
ca8b60cf8c30433375bce1b8137cb09e	k__Chromista;p__Bacillariophyta	0.9806587780901904
03180df61a88766ec200a87d09da7e50	k__Chromista;p__Bacillariophyta	0.9869286961554473
f3e7bc2a8792a780cf63bdf015b4dcd4	k__Chromista;p__Bacillariophyta;c__Bacillariophyceae	0.809227414869736
3889e7a324af7a73a4a005e713884be6	k__Chromista;p__Bacillariophyta	0.9793732671946052
df8a15ade2d3ea24fc2b03bddc217387	k__Chromista;p__Bacillariophyta	0.9791724230676112
0182da62d9fbbcd288d36dd8b4500816	k__Chromista;p__Bacillariophyta;c__Bacillariophyceae	0.9002589248511887
a84bcd107245babd3f7eca05fef1d168	k__Chromista;p__Bacillariophyta;c__Fragilariophyceae;o__Tabellariales;f__Tabellariaceae;g__Meridion;s__Meridion_circulare	0.9999975101067823
d4bca22aa4e3ba6db20fb301153fb702	k__Chromista;p__Bacillariophyta;c__Bacillariophyceae;o__Achnanthales;f__Achnanthidiaceae;g__Achnanthidium;s__Achnanthidium_subhudsonis	0.999999999185306
357ab8904385b743682e1d37c056fd4c	k__Chromista;p__Bacillariophyta;c__Bacillariophyceae;o__Surirellales;f__Surirellaceae;g__Surirella;s__Surirella_lacrimula	0.9654012134356882
fd833ec2bc59b02c80993a5344fe2790	k__Chromista;p__Bacillariophyta;c__Bacillariophyceae;o__Cymbellales;f__Gomphonemataceae;g__Gomphonema;s__Gomphonema_productum	0.7184052873891709
9c16fa4a0601687f650c2a3defa2e502	k__Chromista;p__Bacillariophyta;c__Bacillariophyceae;o__Naviculales;f__Sellaphoraceae;g__Mayamaea;s__Mayamaea_permitis	0.7766480013169211
68608102de4f30c68eab321634a07e22	k__Chromista;p__Bacillariophyta;c__Bacillariophyceae	0.8836449983068544
f6d6340ea5ef953343587e11d782c722	k__Chromista;p__Bacillariophyta;c__Bacillariophyceae;o__Achnanthales;f__Achnanthidiaceae;g__Achnanthidium	0.8320022361076924
051aee6fc3597bc1b9475efdb779ed1d	k__Chromista;p__Bacillariophyta;c__Bacillariophyceae;o__Naviculales;f__Pinnulariaceae;g__Pinnularia	0.9999995285154959
e0cc24bef6ab54aa66666ddef4c8320d	k__Chromista;p__Bacillariophyta;c__Bacillariophyceae;o__Naviculales;f__Diploneidaceae;g__Diploneis	0.9994969372257596
f3472cfb8b2862b789b9d14118c6416b	k__Chromista;p__Bacillariophyta;c__Bacillariophyceae;o__Naviculales;f__Naviculaceae;g__Navicula;s__Navicula_rostellata	0.9277613952514469
e077421e57ab06bcc976f62b0eb2feb1	k__Chromista;p__Bacillariophyta;c__Bacillariophyceae;o__Bacillariales;f__Bacillariaceae;g__Bacillaria;s__Bacillaria_paxillifer	0.9366094015176357
158571e7566ae6a0153be8403ffc64d4	k__Chromista;p__Bacillariophyta;c__Bacillariophyceae	0.9997037941941995
a25c7056209589f9af74112a30a3c1d1	k__Chromista;p__Bacillariophyta;c__Bacillariophyceae;o__Naviculales;f__Pinnulariaceae;g__Pinnularia;s__Pinnularia_isselana	0.8872281614400809
bd514ceedbb85525b9b5cb866eaa2392	k__Chromista;p__Bacillariophyta;c__Bacillariophyceae;o__Cymbellales;f__Gomphonemataceae;g__Reimeria;s__Reimeria_sinuata	0.9977480379134797
17f14cc505ca3a7f4e5b066a8665906f	Unassigned	0.7848394383878347
3699791fe99d1d36ddec45c1f5d6b7d9	Unassigned	0.32942467155736777
a3bfb3b7f3d96c975be76f2d06db65a0	k__Chromista;p__Bacillariophyta	0.9999903096827948
cc25a3cfd84e15a315817f2e80532f21	k__Sar;p__Ochrophyta;c__Chrysophyceae	0.7662856172442086
542d869939be67f29360d3fff88262cf	k__Chromista;p__Bacillariophyta;c__Bacillariophyceae;o__Bacillariales;f__Bacillariaceae;g__Hantzschia;s__Hantzschia_amphioxys_var._major	0.9695973466106207
7f7ebf676a04fd56a2e26be79004357e	k__Chromista;p__Bacillariophyta;c__Bacillariophyceae;o__Bacillariales;f__Bacillariaceae;g__Nitzschia;s__Nitzschia_recta	0.8280849848457412
46baf6ed83aa80f197d5c7fc287ecf3e	k__Chromista;p__Bacillariophyta;c__Bacillariophyceae;o__Bacillariales;f__Bacillariaceae;g__Nitzschia;s__Nitzschia_recta	0.8268787758458994
b5bbeb7b1f10033f08967945eb96c876	k__Chromista;p__Bacillariophyta;c__Fragilariophyceae;o__Fragilariales;f__Fragilariaceae;g__Ulnaria;s__Ulnaria_ulna	0.9768183132457027
698e524900855f42db87b44442d36fdd	k__Chromista;p__Bacillariophyta;c__Bacillariophyceae	0.9037724805254299
d54162340509d30db06e7fea5534664e	k__Chromista;p__Bacillariophyta	0.988528289244512
abacc6827a2eabd162cb4825260715bb	k__Chromista;p__Bacillariophyta	0.9942093740999955
c351433a4fbe160e2df4cf582a111f4d	k__Chromista;p__Bacillariophyta	0.9882116091011159
ece515dd6ed698f81df7f8fe168bbf8b	k__Chromista;p__Bacillariophyta	0.98912592440145
22fd0f50d6406ba9ff5f38f90286d56f	k__Chromista;p__Bacillariophyta	0.9920887920721742
c922430496e9c38e6745c3571197c77b	k__Chromista;p__Bacillariophyta	0.9884685006965621
3c2cb21ea6f014cd6e6c3607171411cf	k__Chromista;p__Bacillariophyta	0.9902132362305246
8e9e9dc6025dcce97d074bbd97f0cf16	k__Chromista;p__Bacillariophyta	0.9867842413135205
ceab5f97ad736c53b0226c6a36d08ee4	k__Chromista;p__Bacillariophyta	0.967269762453982
bdb74174461b884ab1d9c107123e8dab	k__Chromista;p__Bacillariophyta	0.9901293622336905
a1a8aac436139b127d75f28a754c38b9	k__Chromista;p__Bacillariophyta	0.9941497808035902
67e45538fda7e8d4b5db4ce67ed4e640	Unassigned	0.9838182172305421
5c7df568535587ff90dde30a81c5a447	k__Chromista;p__Bacillariophyta	0.9861086067266545
befe7ed92d6f91e2b933f4765447980f	k__Chromista;p__Bacillariophyta	0.9869408975776499
e996b134216958d3f189aaae715b0935	k__Chromista;p__Bacillariophyta	0.9892327626434878
828803af6ddd9fa2042f42b06f73b7e2	k__Chromista;p__Bacillariophyta	0.9893895840980544
44edd2c75fae1e372a35d79c50db3dcc	k__Chromista;p__Bacillariophyta	0.9863269173337119
bf0bd1d8ec39328dd250accb958f7b7e	k__Chromista;p__Bacillariophyta	0.9603103390464511
0de74f081aa763abd22602436052303b	k__Chromista;p__Bacillariophyta	0.9739644335533899
ed420d84254ebe0fa0980054403f950a	k__Chromista;p__Bacillariophyta	0.9673853575814367
210a4ec774c2edba70a6282657b32671	k__Chromista;p__Bacillariophyta	0.9847795712789926
b57ef94e1f5706915015c378267e40a3	k__Chromista;p__Bacillariophyta	0.9877729397072499
0f53c9ae3ec054ab705aa688555a4a9d	k__Chromista	0.9927930526813116
a0e531e26f59f8d1be57905e3398e863	k__Chromista	0.991305753748932
63bd1267d7ce94515a069d5529a8805d	k__Chromista	0.9912334427006975
fc12b2763417c1117c3b1ecc6e23959f	k__Chromista;p__Bacillariophyta	0.9847085313657133
b8cfe0fab7e7b8f25dbbaafdfcf8124d	k__Chromista	0.9932507891784328
7909d0502fc18f9e5991fc28d103a3e4	k__Chromista	0.9904358304985899
5764bf27d4e9bf606f3e134488353783	k__Chromista	0.9887483391320919
f07dbfab96200af2778b67b3df140e51	k__Chromista	0.9886296955879099
14db5023f2b91c79bd920a55c886ebfb	k__Chromista	0.990274634463501
1ee8d0ae1344f619aa7e47f697feaa5d	k__Chromista	0.989623834510092
c1f5ba1227a23253c8027a4090a8d9b7	k__Chromista	0.9885899862284571
bc0288122db2b09227e657350d15d936	k__Chromista	0.9884715565909219
84596f5acb2655f34614ad4314943b3d	k__Chromista	0.9862920669568381
b2e6c80bae1aaed3c9edfbbfeaed4d58	k__Chromista	0.9904217546184777
5f17a2c24c69569a1ca040bf9182fd1e	k__Chromista	0.9891218707152736
1819e991f5b0a59de4b39c7fd5a551e4	k__Chromista	0.9898498162234308
25d14de437816efbc6cf825da8b80055	k__Chromista	0.9911487896914338
9cb010f8f2d7240eb461642d578291a9	k__Chromista;p__Bacillariophyta	0.9774989713794082
c66e7f6f1ffff71b398c3cda434384ad	k__Chromista	0.9902006787064013
470d241dbce32f8b96e10d00ab7c9ef8	k__Chromista	0.991549987458653
7f9dba17588de4cb969196fcf4806a47	k__Chromista;p__Bacillariophyta	0.9663067328079036
e701b369e0ea7039e9f152cd11bea249	k__Chromista;p__Bacillariophyta;c__Bacillariophyceae	0.7007646380042142
2a00a00819aa3de64ec8d3306175d566	k__Chromista;p__Bacillariophyta	0.9903912998562425
76c39cedfbaefe5e2bf1fecb6500a510	k__Chromista;p__Bacillariophyta	0.9865257725228109
be484e7a14a4ad6235ab181e931e6389	k__Chromista;p__Bacillariophyta	0.990278838875343
3bb3a021e48cff425aaea8386cd92586	k__Chromista;p__Bacillariophyta	0.9810790209286164
3127ea633479a5242e40f3181afb444c	k__Chromista;p__Bacillariophyta	0.9882151947599862
c7d8415a1087ce1d1174889baacf0b47	k__Chromista;p__Bacillariophyta;c__Mediophyceae;o__Thalassiosirales;f__Skeletonemataceae;g__Discostella;s__Discostella_stelligera	0.9977717847938421
b46bf3ec0d95deeed82932c0d423a946	k__Chromista;p__Bacillariophyta;c__Bacillariophyceae;o__Achnanthales;f__Cocconeidaceae;g__Cocconeis;s__Cocconeis_placentula	0.9964134668309608
6480760a885f51518a84888dd77afc62	Unassigned	0.5459832550759693
c11aa37007ae187f7f159eb0a374ce68	k__Chromista;p__Bacillariophyta;c__Bacillariophyceae;o__Naviculales;f__Naviculaceae	0.8136796703691905
e9c999e37d6e5e15ea49fa05f6747336	k__Chromista;p__Bacillariophyta	0.9891573010181276
dafb14bcf88abe14ca26ebbd153573c0	k__Chromista;p__Bacillariophyta	0.992912092479965
7cb7e659a2ceb8dfdc7cd841b25a9cd2	k__Chromista;p__Bacillariophyta	0.9902107315089148
6859f0d1a480bcca9b873a7333ca3809	k__Chromista;p__Bacillariophyta	0.9929470961314569
ba0a991b4eb7168dafec68a3aa8d3390	k__Chromista;p__Bacillariophyta	0.9868455706650238
e66d295ffba684b10e69814021e18517	k__Chromista;p__Bacillariophyta	0.9927190003485119
2e85b8718552e4cb5c6b37d68f726529	k__Chromista;p__Bacillariophyta	0.9905615563250613
83a6413a76a65296ab70336cee70805e	k__Chromista;p__Bacillariophyta	0.9905015999029855
517eb5b40db347cde0637fc78b9b8f78	Unassigned	0.9689939689442308
5196d55e068b7cee144b4810a10b7c69	k__Chromista;p__Bacillariophyta	0.981090275416566
a54c9d9ebfed530724392d354bda7d5b	k__Chromista;p__Bacillariophyta	0.9966051200887983
cb403549e014861033073c2f916bc498	k__Chromista;p__Bacillariophyta	0.9972211872206721
2e1be6386850588d73124c2780729330	k__Chromista;p__Bacillariophyta	0.9907040191256824
aa4816420ade9d7bde87edcbc08415b2	k__Chromista;p__Bacillariophyta	0.9836852574354231
e056388da6460edcb1d897d8cc24d97d	k__Chromista;p__Bacillariophyta	0.9945824595598249
d899909a0c034cc1166717919619d8fe	k__Chromista;p__Bacillariophyta	0.9823468423420887
23b937f1c8f22e36f273807284430295	k__Chromista;p__Bacillariophyta	0.9804122083258793
a9af122b57eb871b274c792f0197a660	k__Chromista;p__Bacillariophyta	0.9887299559391152
5089803b6007c570165e5f57e8ca5c90	k__Chromista;p__Bacillariophyta	0.9895913322059169
92f1994488c4ee8ea9a415c6ad385045	k__Chromista;p__Bacillariophyta	0.9890988700356497
61d2391a6d7b1fce8250fdc432c54cf6	k__Chromista;p__Bacillariophyta	0.991603647364847
85040f8ebf5f935e9208ee37dcf23b6e	k__Chromista;p__Bacillariophyta	0.9929972432152336
90c06017aa5c6a1be59e57da5ab7b634	k__Chromista;p__Bacillariophyta	0.9851766262094929
4c84d80a1d43a4d4136ac78e473da083	k__Chromista;p__Bacillariophyta	0.9929874133394697
fb67e1c3c1a73a1c6823924eb82f88bd	k__Chromista;p__Bacillariophyta	0.9850326884499729
ccccfe4182cce49aab6d42dd1be1769c	k__Chromista;p__Bacillariophyta	0.9896905065525464
1f8d90619f44a86e00ad9e03bc70ea59	k__Chromista;p__Bacillariophyta	0.9840469176965849
1e73e18917591c032529d2d3e910a784	Unassigned	0.9669046549404325
fa9c4fa5ba84c8d469943106b54262af	k__Chromista;p__Bacillariophyta	0.9894742434528925
98bd7dbd4a7664b883b9365e6a412619	k__Chromista;p__Bacillariophyta	0.9916856828094246
fdd3ae6140561aeea8c878156485a948	k__Chromista;p__Bacillariophyta	0.9873630277787726
40653ed9fd220cc9ec3e0d184b667399	k__Chromista;p__Bacillariophyta	0.9953241492116313
6eadb7d826d6d4817682f65c92f7f26a	k__Chromista;p__Bacillariophyta	0.9811639311055442
5b456d7a5ca9b8d6cd20d12cbcc73796	k__Chromista;p__Bacillariophyta	0.9939097646130739
c283c161b5cd8825527483c6b39ace35	k__Chromista;p__Bacillariophyta	0.9907030369425196
715d18b519ab5093a926719719fea055	k__Chromista;p__Bacillariophyta	0.9763194625168077
d6a8d069c6881c6e1e9e704527fe65e8	k__Chromista;p__Bacillariophyta	0.9937506450630373
9cf03bf0a7cdde1e73bd6e00d9209f5d	k__Chromista;p__Bacillariophyta	0.9810392587557502
579ec3b285eb28e706537bdbbd92bbe5	k__Chromista;p__Bacillariophyta	0.9913793277205121
0219f45ae3fc3cea84ef6075e5137b76	k__Chromista;p__Bacillariophyta	0.9927095410952602
6177e5a0b9992dfd6b374360f07f5eae	k__Chromista;p__Bacillariophyta	0.9858408695111947
14fbde95493d6751eb6af2d5793b30bf	k__Chromista;p__Bacillariophyta	0.9924188386592735
95f937337ca7fb0f26a5d5bb6d3c2fd7	k__Chromista;p__Bacillariophyta	0.9907993648756193
b963512038898d9954eecbc8d25a11ee	k__Chromista;p__Bacillariophyta	0.9782317049462728
4a2abad0550d59f03ae50d361121d745	k__Chromista;p__Bacillariophyta;c__Bacillariophyceae	0.7612790148451682
5e8e0604346001277b547627c72121d7	k__Chromista;p__Bacillariophyta	0.9919557513129755
cd0c6f8c1cefb6626b2f1ebaab2e5830	k__Chromista;p__Bacillariophyta;c__Bacillariophyceae	0.7095043170232949
04ba8a06b98a4f8befe8a466f159aa4a	k__Chromista;p__Bacillariophyta	0.9826647031788787
ad4d6bd3db945b5c5471bf07c8815ae6	k__Chromista;p__Bacillariophyta	0.9913602728818595
c663b90d4b6d7a108850886abe8d6167	k__Chromista;p__Bacillariophyta	0.9888737869691236
71038f10c01120afb5730e92b777f8b7	k__Chromista;p__Bacillariophyta	0.956949979012685
a719f7c264db0d2558a337324c8ded51	k__Chromista;p__Bacillariophyta	0.9952490580346497
af0acfc67968b494a21aef046488e028	k__Chromista;p__Bacillariophyta	0.9878505484737234
acd8907eb0b0ad2a994e3f7348121b1f	k__Chromista;p__Bacillariophyta	0.9816069325995833
9021e6a7176f9f52cdc3312a02152144	k__Chromista;p__Bacillariophyta	0.9934061118884936
3e05378a7459aa852fd71138d72099ad	k__Chromista;p__Bacillariophyta	0.9919538292691341
0b000dd050403a53ebca63c281c108c7	k__Chromista;p__Bacillariophyta	0.9735769982093427
919769e97073a2b2e19d6f56eba3e985	k__Chromista;p__Bacillariophyta	0.9857538911604746
e0c94dc7c0a641f6e4c2fe2e177c2796	k__Chromista;p__Bacillariophyta	0.9835174831357224
8064ee5e5acc6795f813776164e26d4e	k__Chromista;p__Bacillariophyta	0.9941751209198919
8c14c03cb3d449a4db83423ef8803173	k__Chromista;p__Bacillariophyta	0.9855848784482041
ccac99c8ae876fee290e96bc37daea30	Unassigned	0.5189536042123563
5449f2b73744fa90fe213c5cd2160bbb	k__Chromista;p__Bacillariophyta	0.9821711132217404
ae0c32db2212508dc96206f37779aa50	k__Chromista;p__Bacillariophyta	0.9868401759387377
52938d651bd0e55f76b602ea5c753139	k__Chromista;p__Bacillariophyta	0.986237852628645
3af91cf75ab680cfe86e817801a0ab25	k__Chromista;p__Bacillariophyta	0.9859114448044037
121b6fe415649cca14897fa78597fab7	k__Chromista;p__Bacillariophyta	0.9744609526790675
27b5edefc67afd8d57eabb5184550c95	k__Chromista;p__Bacillariophyta;c__Bacillariophyceae	0.7138119769602201
4afa1d0c55e174fb680a54d0f1b71790	k__Chromista;p__Bacillariophyta	0.9892194655060935
684ac2c1d62a6adf8fb0b4d91f2af6d8	k__Chromista;p__Bacillariophyta	0.9947260299870615
0b714b397325b97963c02bea12530759	k__Chromista;p__Bacillariophyta	0.9784306873100013
a8667c02c21486c999c0b311330521d6	k__Chromista;p__Bacillariophyta	0.9929142264724915
7f92b13641e2a694c286dcede5b9c673	k__Chromista;p__Bacillariophyta	0.9791911803566642
8939eee11deca12916d2f7ac2a8e13a5	k__Chromista;p__Bacillariophyta	0.9763754483816565
069ce34693342544d5f2643eb75933df	k__Chromista;p__Bacillariophyta;c__Bacillariophyceae	0.7340430885233082
7149b1db60cc75dad67a33f60586bb0b	k__Chromista;p__Bacillariophyta	0.979313851599015
35fd287bfaee21a9c37cd69f6853b8da	k__Chromista;p__Bacillariophyta	0.9878094532289992
77e0df2e7b077c6e8dca2501d1baac83	k__Chromista;p__Bacillariophyta	0.9751031449149418
e55dfcff053ba7f63c2b813a8375f8c4	k__Chromista;p__Bacillariophyta	0.9832694076732442
1432875bc1f093a9fcb85123f0a8ff52	k__Chromista;p__Bacillariophyta	0.992138441622142
31121eb90cb8ae88ef94edef2b87b03a	k__Chromista;p__Bacillariophyta	0.9862599360248177
3385fc5a74de65b39e3f681bb985c929	k__Chromista;p__Bacillariophyta	0.9884186327697773
3760f1b2ff56cb137dee15e6909734bf	k__Chromista;p__Bacillariophyta;c__Bacillariophyceae	0.7104115481423807
74ede2e8e764d2fbfa8df67705dbba01	k__Chromista;p__Bacillariophyta	0.9896137097615916
d21f25ae91532d3dacaf6c8a61255707	k__Chromista;p__Bacillariophyta	0.9900761873265418
847deb600b07cd7ad8bb86d735263b3f	k__Chromista;p__Bacillariophyta	0.9790378564872366
4585eafa0604239f7d9250bbb02257f6	k__Chromista;p__Bacillariophyta	0.9799385789865032
98121ef43ae57d8f8c52bd42d4a7ba9d	k__Chromista;p__Bacillariophyta	0.9898278216039543
d0c364d0944b63a968edf22e31023e78	k__Chromista;p__Bacillariophyta;c__Bacillariophyceae	0.7406455315206659
e7d92b59f05b9b33b9631f910a0652a5	k__Chromista;p__Bacillariophyta	0.9961140594452813
66954180b9ab35c1d25a9239cd76979d	k__Chromista;p__Bacillariophyta	0.9782200504596388
da6917bdbc970422e6a51c4cadb3574f	k__Chromista;p__Bacillariophyta	0.9924330642066967
376adda66bf3799ca599354bc4e30907	k__Chromista;p__Bacillariophyta	0.9804351101519981
d2143b0a363311b6a6c009d76c4cdc30	k__Chromista;p__Bacillariophyta	0.9788166771319073
006c7702a6bb5fb1b5f9cf2db66cb114	k__Chromista;p__Bacillariophyta	0.9886515849096431
fc79117175176a7cf2527c867f6e6c59	k__Chromista;p__Bacillariophyta	0.9858299243265872
6874bc05eeaadb2decb4f0dddac197dd	k__Chromista;p__Bacillariophyta	0.9787490165598994
637ccd6a423211356b4e5a0c58e497e6	k__Chromista;p__Bacillariophyta;c__Bacillariophyceae	0.7437131237357253
999cb7947542875d4e4c87c8c4b8cc36	k__Chromista;p__Bacillariophyta	0.9923576817426638
62cce1b652656614eedec223744d4eba	k__Chromista;p__Bacillariophyta	0.9857192132774965
93022a21811ef284784e66453143d51c	k__Chromista;p__Bacillariophyta	0.9856900234447417
1fdfbda86c5081f32c35509c327c3d5f	k__Chromista;p__Bacillariophyta	0.9843549588958929
8b74b5d88011ca2066f345119dd5c0a0	k__Chromista;p__Bacillariophyta	0.9847065317998663
7de15db26c5339bd486c700d0104cb99	k__Chromista;p__Bacillariophyta	0.9847333780055814
cf7af7dcdab331a95b835c163e7e8cd8	k__Chromista;p__Bacillariophyta	0.9826995883998282
457d5b515d5db0acc24e18bdfc3d0c42	k__Chromista;p__Bacillariophyta	0.988483029861154
7dc475dc588a3f7abf85591abb904371	k__Chromista;p__Bacillariophyta	0.9890462173435662
beb90d7ec98d6b0bb425540efacd86ef	k__Chromista;p__Bacillariophyta;c__Fragilariophyceae;o__Tabellariales;f__Tabellariaceae;g__Meridion;s__Meridion_circulare	0.9999963035302352
bfb44d7b779080f2da27f1bbe8b1b2c3	k__Chromista;p__Bacillariophyta;c__Fragilariophyceae;o__Tabellariales;f__Tabellariaceae;g__Meridion;s__Meridion_circulare	0.9999969949097752
faac4475f50444d8e21f14a87fb937b7	k__Chromista;p__Bacillariophyta;c__Bacillariophyceae;o__Naviculales	0.8069920376505727
38a31075a72747905c70393ff53f1a18	k__Chromista;p__Bacillariophyta;c__Bacillariophyceae;o__Naviculales	0.8850459236224568
ff0589f9e4ce5b53cfddd08e94b7d25f	k__Chromista;p__Bacillariophyta;c__Bacillariophyceae;o__Cymbellales;f__Gomphonemataceae;g__Gomphonema	0.9999997946956003
109f35a86c9692401f8ac5b57e84c073	k__Chromista;p__Bacillariophyta;c__Bacillariophyceae	0.9866154394722296
6fd9ae26ffad2a31e69bb4f2f07a7b23	k__Chromista;p__Bacillariophyta;c__Bacillariophyceae;o__Naviculales;f__Stauroneidaceae;g__Astartiella;s__Astartiella_sp.	0.709661456124774
a512a612f091769fb038c4167e8ba57e	k__Chromista;p__Bacillariophyta;c__Bacillariophyceae;o__Naviculales;f__Pinnulariaceae;g__Pinnularia	0.999999514724028
d9b9f6e76564133db29d66a3f324860b	k__Chromista;p__Bacillariophyta;c__Bacillariophyceae;o__Achnanthales	0.7091438819788036
4b9bc5e952c30ba88c6226ecbc5d95e6	k__Chromista;p__Bacillariophyta;c__Bacillariophyceae;o__Cymbellales;f__Gomphonemataceae;g__Reimeria;s__Reimeria_sinuata	0.9976506835879395
ad82727d85d05e3e114cbed586775508	k__Chromista;p__Bacillariophyta;c__Bacillariophyceae	0.9302697790311099
ee496bf1e953741d4c8a493a6a561d1b	k__Sar;p__Ochrophyta;c__Phaeothamniophyceae;o__Pleurochloridellales;f__Pleurochloridellaceae;g__Pleurochloridella;s__Pleurochloridella_botrydiopsis	0.9999989355453333
cd623d7a6ab04670cb7819b3f5a0c8bf	k__Chromista;p__Bacillariophyta	0.9999890597880905
bb2a4199befa451582d6dc3e60385cd4	k__Sar;p__Ochrophyta;c__Chrysophyceae;o__Chromulinales;f__Chromulinaceae;g__Chromulina;s__Chromulina_sp.	0.9990888780446511
515cb86c18b7d13df5246a3ff9ff395d	k__Chromista;p__Bacillariophyta;c__Fragilariophyceae;o__Fragilariales;f__Fragilariaceae;g__Gedaniella;s__Gedaniella_flavovirens	0.9999999506787857
0c8e845f67e8d7faa3d515e7b9b3e5f1	Unassigned	0.4111403189468593
64423c5dc040cd12df5b648c9a11c045	k__Chromista;p__Bacillariophyta	0.793191169449723
77d6e9c02f0ebd89e5aa1f47ecd92446	k__Sar;p__Ochrophyta	0.8264588922329874
5699b52487c056d6c9040a388d548987	k__Chromista;p__Bacillariophyta	0.9881800914894575
a19195d5893eb3b981587258a74c58a4	k__Chromista;p__Bacillariophyta	0.9834329002652159
c058cf139e5fb4a7bd26ba11078913d2	k__Chromista;p__Bacillariophyta	0.9876902814065612
3a87f3ae26599edcf2294aeec28c2d3a	k__Chromista;p__Bacillariophyta	0.9922047864304848
5fb5d33b93ba83a771d738c1ed7fbce5	k__Chromista;p__Bacillariophyta	0.9909557171661262
609ae7dceecbd7d84a1befab48a0c8b7	k__Chromista;p__Bacillariophyta	0.9936181813205277
21d984344b29235242c1faecafefb3e8	k__Chromista;p__Bacillariophyta	0.9877597427687194
c03506448b22fa38a62074856d92eb0f	k__Chromista;p__Bacillariophyta	0.9869645650801889
3a7d4409d673a25b9a2cbdf4631945e8	k__Chromista;p__Bacillariophyta	0.986534110815111
766e0b6d13e86daebba9fcc5dd10d6db	k__Chromista;p__Bacillariophyta	0.9965705737221191
5ba40d2c6018b9aa242e029aa8a052fd	k__Chromista;p__Bacillariophyta;c__Bacillariophyceae	0.7283443768354363
a10f3688a38f99f9d1672a3fdad18a96	k__Chromista;p__Bacillariophyta	0.9894390781051249
f76fed514bdcd075220e8bf894bf8745	k__Chromista;p__Bacillariophyta	0.9944167400414763
f35902f864f68414aa90d010fc46a8be	k__Chromista;p__Bacillariophyta	0.9808329069420622
87601dada7415568eb37e940d585fc88	k__Chromista;p__Bacillariophyta	0.9891514190741364
c3df3cc215823693c0355bb7594751ff	k__Chromista;p__Bacillariophyta;c__Bacillariophyceae	0.9979206392121351
86cf528d4b5d74dde4fa1d4307c37d52	k__Sar;p__Ochrophyta	0.9895182560302304
59f7d4f9a63257d37b5a8b62e3d7424e	k__Chromista;p__Bacillariophyta	0.9905383626462336
8c5c4899badea6a2fbe5527271e85dbc	k__Chromista;p__Bacillariophyta	0.9855302033880888
e0e491459865bd1bbc47067c021ce8b5	k__Chromista;p__Bacillariophyta	0.9804307089758728
0173f5f4501961ebe591a77e78366472	k__Chromista;p__Bacillariophyta	0.97859544792055
230102e91455f2ef792de2321b66f839	k__Chromista;p__Bacillariophyta	0.98374065136078
c392a04dfdc3baa3eb7d0683b6f0a435	k__Chromista;p__Bacillariophyta	0.973100813357226
90da345b9ea57d86ad056ae3eab2487e	k__Chromista;p__Bacillariophyta	0.9733027780883327
5439c16264ad3e1e7028d5e6430e1d92	k__Chromista;p__Bacillariophyta	0.9835902324680239
c54633f5ca74daba13c20a774d1bc5c0	k__Chromista;p__Bacillariophyta	0.9839295677399752
deb52c1ae09aaa9d5b441e5eb1834f82	k__Chromista;p__Bacillariophyta	0.9839526827059218
942764881a8487387c7f6bacfea83fee	k__Chromista;p__Bacillariophyta	0.9814092705843614
dbbde5bc251a40bcb4bdafcf24aef20b	k__Chromista;p__Bacillariophyta	0.9773547847439572
176d0b649eed4152e0f7882090efe8c9	k__Chromista;p__Bacillariophyta	0.9878915907625195
c2d6e38e005368abd58f2a191e743c35	k__Chromista;p__Bacillariophyta	0.9935180367083423
47fd0b9a6e8767108ace25e7149de8a6	k__Chromista;p__Bacillariophyta	0.9731140635103567
86c03e0b091c4a5f67f66ef0c676429e	k__Chromista;p__Bacillariophyta	0.975943580194987
a8a9a2577f0606e8bebb7a1018918fa0	k__Chromista;p__Bacillariophyta	0.9794705644427967
825f2e1a261b6969e0fa67dba02393f9	k__Chromista;p__Bacillariophyta	0.9897869747203011
e383fcc5deec1a5064095255727da850	k__Chromista;p__Bacillariophyta	0.9857910898676587
71532254a6d9387da0667935ba2cca1f	k__Chromista;p__Bacillariophyta	0.9904417611878527
916aa3b21e0b2260799f1e2cab3d6072	k__Chromista;p__Bacillariophyta	0.9773711111502473
2215f0f5ae146412379450c06e8fc91d	k__Chromista;p__Bacillariophyta	0.9790936946711577
c82611e2c1a91d8cf32eccbbcb5477db	k__Chromista;p__Bacillariophyta	0.9754108885928172
41200897139d7ccee20ec3ade79f5aef	k__Chromista;p__Bacillariophyta	0.9819250433717118
43b687257b289dcebbae8f04f247bc74	k__Chromista;p__Bacillariophyta	0.9734844081757218
fee9a495aafa8fbd38e50cb6628189b2	k__Chromista;p__Bacillariophyta	0.9829452121323458
0dbdec7d68fdb959217dc7adfb4b5212	k__Chromista;p__Bacillariophyta	0.9910276688351939
90fa4cdb9cb4d491a872a6fa4897ae49	k__Chromista;p__Bacillariophyta	0.9965876968375129
82a3f489189e53f43cfef6a94299bc77	k__Chromista;p__Bacillariophyta	0.9786463999341326
8b2a2d193b6a53ca07c5dd71de3439fd	Unassigned	0.9733926314169176
88c121f1bf7f7000ac0dc2432dfbe0fb	k__Chromista;p__Bacillariophyta	0.9653336010886757
097208dad2b5c15c616fffb4c906b221	k__Chromista;p__Bacillariophyta;c__Bacillariophyceae	0.7041892932292775
ff0222323d9f6e5e3e49eb52ac79475a	k__Chromista;p__Bacillariophyta	0.9842054633194504
361408ad47faf9e985bc766720f605a1	k__Chromista;p__Bacillariophyta	0.9930272557816892
e2082d9dc9baaf3c2b825dcde2bdb031	k__Chromista;p__Bacillariophyta	0.9638066906033549
06ebbe9970a77aa9d730c721f018960b	k__Chromista;p__Bacillariophyta	0.9831944586916485
2ed436d2e878d19812e0013fb85aa345	k__Chromista;p__Bacillariophyta	0.9905624544679139
f2571e620dc38765560310aef3490c63	k__Chromista;p__Bacillariophyta	0.9955860997960049
5aa73f3ca29c4cc2fcb12c12886766fc	k__Chromista;p__Bacillariophyta	0.9817137350087864
8d71cc225e816e5d0d3f5a01fc535d33	k__Chromista;p__Bacillariophyta;c__Bacillariophyceae	0.7157514964447846
1b56d2c2a52f4adb5aee1beb6442b4d6	k__Chromista;p__Bacillariophyta	0.9960069095358609
1576fe424004134acf15b108013dcfc6	k__Chromista;p__Bacillariophyta	0.9966501846779892
0f776ef3db8b71ad260af8b048fd1396	k__Chromista;p__Bacillariophyta	0.9911964098721011
fed350d78b8e2076833a5c82470f3c6b	k__Chromista;p__Bacillariophyta	0.9926584075168378
83e057e0c17867bc5ae56e3e3bffd5dc	k__Chromista;p__Bacillariophyta	0.9884566050264887
74ff1690b8f322626961b36ac648eb4d	k__Chromista;p__Bacillariophyta	0.985673540376111
5c04ac963de50e745388459f26e7eec8	k__Chromista;p__Bacillariophyta	0.9974810271498462
df8e467647477102578aab794d7d642d	k__Chromista;p__Bacillariophyta	0.9914184468075753
76ab16267ff5ede74d09866b37bdb828	k__Chromista;p__Bacillariophyta	0.971827337785701
31032595658b4a32aef093ab0aa33dd5	k__Chromista;p__Bacillariophyta	0.98471427088824
c4e0f1d06ea5535de8a92701c4e14bea	k__Chromista;p__Bacillariophyta	0.977295704230283
eae4d0d042aad1de13a2e5af16b3b6f0	k__Chromista;p__Bacillariophyta	0.9818036672953574
cf041563bba6a96b105cf1decfce5551	k__Chromista;p__Bacillariophyta	0.9759246510808128
7b495b72917b8aa6f1527867705189c1	k__Chromista;p__Bacillariophyta	0.9819510864231693
4ea0efe8ea981697c27b8dea3cccc2bd	k__Chromista;p__Bacillariophyta	0.9909537869946764
3db33bfd534a1d3ed879174d97ae8221	k__Chromista;p__Bacillariophyta	0.965865286306139
7da485063b9d93168ec12b981eaeabfa	k__Chromista;p__Bacillariophyta	0.9789687521152646
294cc654bbc81e3cd81c4043bc7cb3bc	k__Chromista;p__Bacillariophyta	0.9901678024954235
6a7f74f61e6095346ed295ccb467ceb1	k__Chromista;p__Bacillariophyta	0.9764393141882024
10472b829dbe726896e64d4fb7848693	k__Chromista;p__Bacillariophyta	0.9760104955942915
349f6a240c52c5e97e38c2f33d7be2d4	k__Chromista;p__Bacillariophyta	0.9916806364711814
3396eb4507065537cb2dff6c0dfba374	k__Chromista;p__Bacillariophyta	0.9898367530063334
64884692e757495f55a8cc3cec304100	k__Chromista;p__Bacillariophyta	0.9801926339022087
7e21e0662d46bd0069d66d0c04eb1a78	k__Chromista;p__Bacillariophyta	0.973842602690714
91f0585d43edd4e9d5c193cb66a1ca90	k__Chromista;p__Bacillariophyta	0.9808280485994613
b2b5bf7844926c3fe2e4e234d2b67537	k__Chromista;p__Bacillariophyta	0.9883000652819073
4473375358e9ac83e6c708db74c1f0c0	k__Chromista;p__Bacillariophyta;c__Bacillariophyceae	0.7112402617514506
e92ffddc7f92d8813b7cf4366696c2e1	k__Chromista;p__Bacillariophyta	0.992003124835896
186d93b650178437cae8e431e1c63323	k__Chromista;p__Bacillariophyta	0.9826992816914782
dc458818daaac5a927128fb2864db9f5	k__Chromista;p__Bacillariophyta	0.9799114606238938
12c4a9e60f7fe40c93b4da8ba437933c	k__Chromista;p__Bacillariophyta	0.9886565798521778
54abc23f39c2af87ede69857dfe9e194	k__Chromista;p__Bacillariophyta	0.9811015132519711
45891c5c03aadd6e437e6c7a8345af83	k__Chromista;p__Bacillariophyta;c__Bacillariophyceae	0.7063241563805367
66f29e6c37277501a03a39dbdd362fed	k__Chromista;p__Bacillariophyta	0.9811962529176501
a90632707eb9b4addb22e5ca5373cab7	k__Chromista;p__Bacillariophyta	0.9882128716912746
8c0a5a298373232d8311ca63420f9679	k__Chromista;p__Bacillariophyta	0.9781094123870626
eadbda180e93c6be0e865caffd8886ee	k__Chromista;p__Bacillariophyta	0.9813800728067008
a7478b1d957d84389bf3fef672b30aaa	k__Chromista;p__Bacillariophyta	0.9868908958032572
0ce6aeefd60851e64baa223ac8f346c6	k__Chromista;p__Bacillariophyta	0.9839018885763343
30ceb0fc73d266a9e9268731c10f916d	k__Chromista;p__Bacillariophyta	0.9876841688708948
f0b54306ad276165dcacd7085e7f4702	k__Chromista;p__Bacillariophyta	0.9880700621468994
9329cd31efe68b8dd346d97aa78af296	k__Chromista;p__Bacillariophyta	0.9948981269246514
d39b243538fdfa63cb583fd3f55692b9	Unassigned	0.728485693837045
18eda4dae60231fa37a591ae3728b71b	k__Chromista;p__Bacillariophyta	0.9999990341877415
1e3cb0975eecd6d6f12538e233627c36	k__Chromista;p__Bacillariophyta;c__Bacillariophyceae;o__Naviculales;f__Naviculaceae;g__Navicula;s__Navicula_cryptotenella	0.9999854654517418
77082be8f10f009301b6c9577fa13206	k__Chromista;p__Bacillariophyta;c__Bacillariophyceae;o__Naviculales;f__Naviculaceae;g__Navicula;s__Navicula_oblonga	0.834567936795013
183354a412b474674ac7e84bd682ce18	k__Chromista;p__Bacillariophyta	0.9689356183500714
7cb9697d65af56179b54efa33faf15a6	k__Chromista;p__Bacillariophyta	0.985655822806705
c670c35b043d565d893ff9e8f1213161	k__Chromista;p__Bacillariophyta	0.9891047111207569
1d3c687ebce198998b6c92f22b8d6a39	Unassigned	0.7248336375564366
a37c0ec8844eb2e5662feda7602fd521	k__Chromista;p__Bacillariophyta;c__Bacillariophyceae;o__Cymbellales;f__Gomphonemataceae;g__Gomphonema	0.7480263399063265
3bc975b3f557c775faba477d3fa8a8d3	Unassigned	0.3308154115794586
92d23f73d9ec7af07e753aeec7c1c62b	k__Chromista;p__Bacillariophyta	0.9053204244805778
610ac08773d711b06c6c76768b525fb8	Unassigned	0.7557238007251391
aca675eb6eaa60dd04c904fabc056935	k__Chromista;p__Bacillariophyta;c__Bacillariophyceae;o__Naviculales;f__Brachysiraceae;g__Brachysira	0.888164586789871
2c55537bfb25e097689990eeb3987f49	k__Chromista;p__Bacillariophyta;c__Bacillariophyceae	0.7231995023001382
32f5bfae83f05f4f9813482c1cf5d861	k__Chromista;p__Bacillariophyta	0.9912338557795396
3588029d520cc38af6f24a8902680458	k__Chromista;p__Bacillariophyta;c__Bacillariophyceae	0.7334934286990968
93e07640326e8be188347dcf814d5eb0	k__Sar;p__Ochrophyta;c__Chrysophyceae;o__Hibberdiales;f__Hibberdiaceae;g__Chromophyton;s__Chromophyton_rosanoffii_strain	0.8474131059515088
6363fa233229705ecc4859b2beb28213	Unassigned	0.7795494930525149
73646b88b703d41a16dd5e6ce6aa29b2	k__Sar;p__Ochrophyta;c__Chrysophyceae;o__Chromulinales;f__Chromulinaceae	0.8486224714484817
000cb7cbdd894fda5b88be75e12ccc40	k__Sar;p__Ochrophyta;c__Chrysophyceae;o__Chromulinales;f__Chromulinaceae;g__Ochromonas;s__Ochromonas_sp.	0.99776073979655
b90ea10709a1d7624eecbb4d95e1a7de	k__Chromista;p__Bacillariophyta	0.9938072587287562
66bcf2fe38c8820184c11188afae6d01	k__Chromista;p__Bacillariophyta	0.8555773753411889
1a4b108df54cd529aed56bfd459a8f36	k__Chromista;p__Bacillariophyta;c__Bacillariophyceae	0.7698627480305067
479af4a4a10951144aa7edff7c8a66bf	k__Chromista;p__Bacillariophyta;c__Bacillariophyceae	0.7451412467337084
3f996aedabb8206bd5165b84bacd48cb	k__Chromista;p__Bacillariophyta;c__Bacillariophyceae	0.7835384506886405
711f2c36c6c64a1b72b3c9cf0528e64c	Unassigned	0.8055583732189353
bb71b5e420bd399687ba8acf97de2b86	Unassigned	0.640155187836452
257f01172b6491dd3c6e5d556c3ae6c9	k__Chromista;p__Bacillariophyta	0.9979905949201342
70ab2833898ef39aa990049fe2fd3022	Unassigned	0.984645815732978
91f9d3f174a7a01f9fb3d43cf04e40ed	k__Chromista;p__Bacillariophyta	0.9812273151674071
8929063e2f04ab46de3b1e98dafaeaaf	k__Chromista;p__Bacillariophyta	0.9775407471538383
c3052255fa10c523857f2c5247171e51	k__Chromista;p__Bacillariophyta	0.9880434082198777
b045d08068d7b0058882f5bd3b3e10fb	k__Chromista;p__Bacillariophyta	0.9878497412890213
d0508396140014e7ff78fc048fd38c49	k__Chromista;p__Bacillariophyta	0.9855602769098368
d2d39223f1408ab0fd64b498ded334fc	k__Chromista;p__Bacillariophyta	0.9799845075504527
f01bd13b209f6bd5f27836825c3f156c	k__Chromista;p__Bacillariophyta	0.9672794734366101
41a9d0cf2e9ad555342eb3b1d98b9895	k__Chromista;p__Bacillariophyta	0.9892303095044344
ce696ff98e30bd732c8edab8701c5f95	k__Chromista;p__Bacillariophyta	0.9891382043554972
f0e430a7786da2b554e2ea3aba46f99d	k__Chromista;p__Bacillariophyta	0.9920147728786468
9368ee5896bc19f58e0f669d06d69f0c	k__Chromista;p__Bacillariophyta	0.9805008127550541
26b8d36165d6fa3ea2d9b06ece0bdd9b	k__Chromista;p__Bacillariophyta	0.9818795927649138
514c92e23424c38fe3e0811200960d6a	k__Chromista;p__Bacillariophyta;c__Bacillariophyceae	0.7586738426441759
2dab30b1e397269a65eab991fc6f07da	k__Chromista;p__Bacillariophyta;c__Bacillariophyceae	0.702366481749644
ad456ebdce86780c4605288845dd294e	k__Chromista;p__Bacillariophyta	0.9658099866609311
e01c0e3af71386c4d6f37493607fc5b3	k__Chromista;p__Bacillariophyta	0.9871874498879646
d47a41ead5a5b4c6a2368e08657362df	k__Chromista;p__Bacillariophyta	0.9868415328617521
6b111d9daf213e6f31c74fefa882e28d	k__Chromista;p__Bacillariophyta	0.9760777649750383
37346e3f522b0f0fa65270c6c278abdb	k__Chromista;p__Bacillariophyta	0.9864986754001426
c09a0795a2ec74d6639e0467365176ee	k__Chromista;p__Bacillariophyta	0.991266677305671
55240bee0b541f0954ebc0ea696928ec	k__Chromista;p__Bacillariophyta	0.988792535211554
58e2c3ae1e296b41d14f22101e6dbab0	k__Chromista;p__Bacillariophyta	0.981810616119213
d9b794c1c215c50cde0a36b977dd08bc	k__Chromista;p__Bacillariophyta;c__Bacillariophyceae;o__Cymbellales;f__Gomphonemataceae;g__Gomphonema	0.9908633053460087
0b59970622ce34db53c4b2b74900e0e8	k__Chromista;p__Bacillariophyta;c__Fragilariophyceae;o__Tabellariales;f__Tabellariaceae;g__Meridion;s__Meridion_circulare	0.9999955440555455
20cf8217c0459534b9e367b44bad5c57	k__Chromista;p__Bacillariophyta;c__Fragilariophyceae;o__Tabellariales;f__Tabellariaceae;g__Meridion;s__Meridion_circulare	0.9999997576866103
643cd219b9e8bc87e6018010ce33fefe	k__Chromista;p__Bacillariophyta;c__Fragilariophyceae;o__Tabellariales;f__Tabellariaceae;g__Meridion;s__Meridion_circulare	0.9999996795610516
65f75dda7af01830729e4ca24c5e10e8	k__Chromista;p__Bacillariophyta;c__Fragilariophyceae;o__Tabellariales;f__Tabellariaceae;g__Meridion;s__Meridion_circulare	0.9999955350012251
bf2b59e9685937195bd39e31beecd2af	k__Chromista;p__Bacillariophyta;c__Fragilariophyceae;o__Tabellariales;f__Tabellariaceae;g__Meridion;s__Meridion_circulare	0.9999951005863832
0e9622f86f971765b58ec8643a4e7650	k__Chromista;p__Bacillariophyta;c__Fragilariophyceae;o__Tabellariales;f__Tabellariaceae;g__Meridion;s__Meridion_circulare	0.999999756846138
4b92394c7f11b9e2d0d810deedb14428	k__Chromista;p__Bacillariophyta;c__Bacillariophyceae;o__Cymbellales;f__Gomphonemataceae;g__Gomphoneis;s__Gomphoneis_minuta	0.989585839413782
f3fbbd335403014883083daa3fe33bbf	k__Chromista;p__Bacillariophyta;c__Bacillariophyceae;o__Cymbellales;f__Gomphonemataceae;g__Gomphoneis;s__Gomphoneis_minuta	0.9896430925729117
61b44056b943318a40461f658f24b7a7	k__Chromista;p__Bacillariophyta;c__Fragilariophyceae;o__Fragilariales;f__Fragilariaceae;g__Fragilaria	0.9817085126057237
0d435951d0a7523010d8ad45a58d74d6	k__Chromista;p__Bacillariophyta;c__Bacillariophyceae;o__Thalassiophysales;f__Catenulaceae;g__Halamphora	0.895314217257329
a5999429da616f8fee1d8307bf6379ae	k__Chromista;p__Bacillariophyta;c__Bacillariophyceae;o__Naviculales;f__Sellaphoraceae;g__Sellaphora;s__Sellaphora_saugerresii	0.9024895028901396
d84ce6cae22f29ec9a56c95f82e43957	k__Chromista;p__Bacillariophyta;c__Bacillariophyceae;o__Naviculales;f__Sellaphoraceae;g__Sellaphora;s__Sellaphora_saugerresii	0.9872799621618431
d8d07afeab215f15d27b86af1dbf2db6	k__Chromista;p__Bacillariophyta;c__Bacillariophyceae;o__Naviculales;f__Diadesmidaceae;g__Diadesmis	0.71006269785229
1be0aa364c8da8c69d2ee1a0e15c0e50	k__Chromista;p__Bacillariophyta;c__Fragilariophyceae;o__Fragilariales;f__Fragilariaceae;g__Fragilaria	0.9999366673054231
c4f3781105b3b9f357282965afc50ff3	k__Chromista;p__Bacillariophyta;c__Bacillariophyceae;o__Naviculales;f__Pinnulariaceae;g__Pinnularia;s__Pinnularia_isselana	0.9310105107716028
088e74bc23ad3236707f271fdfd06fcc	k__Chromista;p__Bacillariophyta;c__Bacillariophyceae;o__Naviculales;f__Pinnulariaceae;g__Pinnularia	0.9999977387890098
f3a64fe33955ad88b436a4029346c8db	k__Chromista;p__Bacillariophyta;c__Bacillariophyceae;o__Achnanthales;f__Achnanthidiaceae;g__Achnanthidium;s__Achnanthidium_pyrenaicum	0.7571272506761381
b3295ea49c63cffab9a1134b67a9003c	k__Chromista;p__Bacillariophyta;c__Bacillariophyceae;o__Naviculales;f__Stauroneidaceae	0.9821831780642114
1f245dc9012d8bba8895661f41f38900	k__Chromista;p__Bacillariophyta;c__Bacillariophyceae;o__Naviculales;f__Pinnulariaceae;g__Pinnularia;s__Pinnularia_neomajor	0.7413329929683785
75f3071ffa2962d995e951463e055627	k__Chromista;p__Bacillariophyta;c__Bacillariophyceae;o__Naviculales;f__Sellaphoraceae;g__Sellaphora;s__Sellaphora_nigri	0.9993813174705448
2ab935dec9072ae3f30c7b94e1a05637	k__Chromista;p__Bacillariophyta;c__Bacillariophyceae;o__Naviculales;f__Diploneidaceae;g__Diploneis	0.9995218692485359
6072f3897e45840d083fcf3c2f51fcc7	k__Chromista;p__Bacillariophyta;c__Bacillariophyceae;o__Naviculales;f__Diploneidaceae;g__Diploneis	0.9995761901148764
124742527f97d985ca4b9545d0d81dfa	k__Chromista;p__Bacillariophyta;c__Bacillariophyceae;o__Naviculales;f__Diploneidaceae;g__Diploneis	0.9995589818063984
c235b92e48d365a502e5e57129ff55f1	k__Chromista;p__Bacillariophyta;c__Bacillariophyceae;o__Bacillariales;f__Bacillariaceae;g__Bacillaria;s__Bacillaria_paxillifer	0.9290339711010771
314be0bc2862d5d9ab3668040010292b	k__Chromista;p__Bacillariophyta;c__Bacillariophyceae;o__Bacillariales;f__Bacillariaceae;g__Nitzschia;s__Nitzschia_draveillensis	0.7429961301310775
5a02fcfcb4eafeeb7f400f3441adeaed	k__Chromista;p__Bacillariophyta;c__Bacillariophyceae;o__Cymbellales;f__Gomphonemataceae;g__Gomphonema	0.9800356190880091
d50083ca0f7446b47465cf5ae5c99868	k__Chromista;p__Bacillariophyta;c__Bacillariophyceae;o__Achnanthales;f__Cocconeidaceae;g__Cocconeis;s__Cocconeis_mascarenica	0.7216765926045072
972255ca230cc530373b2ca5e8cfe55d	k__Chromista;p__Bacillariophyta;c__Bacillariophyceae;o__Cymbellales;f__Gomphonemataceae;g__Gomphonema	0.9720378519160139
fcff20d977ed01f60ba83d62e23b7fe2	k__Chromista;p__Bacillariophyta;c__Bacillariophyceae;o__Cymbellales;f__Gomphonemataceae;g__Reimeria;s__Reimeria_sinuata	0.9960532482029666
4bba26a91e76fe0285b47579da79055b	k__Chromista;p__Bacillariophyta;c__Bacillariophyceae;o__Cymbellales;f__Gomphonemataceae;g__Reimeria;s__Reimeria_sinuata	0.99809841297669
ecdaf82daf8351027647caedc115e072	k__Chromista;p__Bacillariophyta;c__Bacillariophyceae;o__Cymbellales;f__Gomphonemataceae;g__Reimeria;s__Reimeria_sinuata	0.9977013170384406
df5ef6e861a3bb4fe1bcb138acc62fec	k__Chromista;p__Bacillariophyta;c__Bacillariophyceae;o__Achnanthales;f__Achnanthidiaceae;g__Psammothidium;s__Psammothidium_daonense	0.992998948742266
fdbdf54c0ae99aaa242ae545d5413371	k__Chromista;p__Bacillariophyta;c__Bacillariophyceae;o__Achnanthales;f__Achnanthidiaceae;g__Achnanthidium	0.8444783508900988
7cb76f4bb4bb8928ba5d02beb70a8e29	k__Chromista;p__Bacillariophyta	0.9943120848250689
2b6d887b907601fe87f2005573b37b70	k__Sar;p__Ochrophyta;c__Phaeothamniophyceae;o__Pleurochloridellales;f__Pleurochloridellaceae;g__Pleurochloridella;s__Pleurochloridella_botrydiopsis	0.886413422466832
12880bcfa0047fe4bdc8304a6f0cefc7	Unassigned	0.31212600937338686
3fb8cf03c13b5832aa8386586c7024e6	Unassigned	0.5177119044550295
317b253c4b633252cca14c08dc7ed164	k__Sar;p__Ochrophyta;c__Raphidophyceae;o__Chattonellales;f__Vacuolariaceae;g__Gonyostomum;s__Gonyostomum_semen_strain	0.8761249796963891
938520b4896a14941a8cbc4d0270be74	k__Chromista;p__Bacillariophyta	0.9289489862941818
f7a7cb5f727f3f9d5dd67437634ba7de	Unassigned	0.7594676484389964
85adc1c897352ad8f2edf4af3781214e	k__Sar;p__Ochrophyta;c__Chrysophyceae	0.9781880722509303
2c4cfecf0b770250812ae7ac381ecd2a	k__Chromista;p__Bacillariophyta;c__Bacillariophyceae	0.7422043477356652
b5414933fa9030a96a6c2f8b99526b1b	k__Chromista;p__Bacillariophyta	0.9999905440933395
0f11088ebe83016f6fa53dd9a4c1fa18	Unassigned	0.7023231353412005
996df8b5392ca80add6c35b8725ffabb	k__Chromista;p__Bacillariophyta;c__Fragilariophyceae;o__Fragilariales;f__Fragilariaceae;g__Staurosira;s__Staurosira_sp.	0.9425269161443576
72cacea09718ea78509384056dc04bae	k__Sar;p__Ochrophyta;c__Chrysophyceae;o__Chromulinales;f__Chromulinaceae;g__Chromulina;s__Chromulina_sp.	0.9982161748470528
2872873e6e0b3a98f0dfdf12dbe6c84f	k__Chromista;p__Bacillariophyta	0.9307460411741718
2d561516953edd0113d5d04372f48c1d	Unassigned	0.7587554964861374
412aa530f44487b63e5912f876cd7fba	Unassigned	0.7832681487827169
ae0a4832d8ecf482a6834868f0db8363	k__Chromista;p__Bacillariophyta;c__Bacillariophyceae;o__Bacillariales;f__Bacillariaceae;g__Nitzschia	0.9999960878424136
08cfce760038aafd28be28b0745b4b03	k__Chromista;p__Bacillariophyta;c__Bacillariophyceae;o__Bacillariales;f__Bacillariaceae;g__Nitzschia	0.9999952043318298
1f179ee3a5b1109a7dfd8604b1ea4249	k__Sar;p__Ochrophyta;c__Synchromophyceae;o__Synchroma_or;f__Synchroma fa;g__Synchroma ge;s__Synchroma grande_strain	0.775232240957695
35dcfda2df1e6652c3267e1641ea26ed	k__Chromista;p__Bacillariophyta	0.9522447730468767
357d4afdf6df2b94c904f5201b127cb2	k__Chromista;p__Bacillariophyta;c__Bacillariophyceae	0.7547224993413073
9003c6abe00ccb38033f463e6bbce50d	k__Chromista;p__Bacillariophyta	0.979675097857079
a4a81596d3d71e3b5a80b96226c2ff66	k__Chromista;p__Bacillariophyta	0.986065998760563
bc8d58d89e87976e81ee36431693ed7f	k__Chromista;p__Bacillariophyta;c__Bacillariophyceae;o__Cymbellales;f__Gomphonemataceae;g__Gomphonema	0.9977899630944513
f669328858af869df7deaf4385541104	k__Chromista;p__Bacillariophyta;c__Bacillariophyceae;o__Cymbellales;f__Gomphonemataceae;g__Gomphonema	0.9965459525134126
f31e91bd3ace70c250e8393e45f648c5	k__Chromista;p__Bacillariophyta	0.9891711063521796
02ad99f79a48ef873eaadaf40629debf	k__Chromista;p__Bacillariophyta	0.9888179767192515
e220bb520927ed14f70e1b6bb94e6478	k__Chromista;p__Bacillariophyta	0.985063619390103
4c3e4fe57b897aafe0d279710f263f84	k__Chromista;p__Bacillariophyta	0.9913032651320595
68a73f3cc47044be2bf3952ccb74bfb2	k__Chromista;p__Bacillariophyta	0.9788795814329534
70ca2a73923f757e86b7072579b770c9	k__Chromista;p__Bacillariophyta	0.9858983479931362
9e958a618ca7aad3104a2273e0d10658	k__Chromista;p__Bacillariophyta	0.9852428838734296
a636f5216b1ef0f63b9409542512876a	k__Chromista;p__Bacillariophyta	0.9867427498586281
50db4b862b821c1871995c3d82cc97ac	k__Chromista;p__Bacillariophyta	0.9910712136059018
e89d63f39eaaa7de1eb0a0fbceba9549	k__Chromista;p__Bacillariophyta	0.9867442576968696
ae4eaeb4d5f0c941e7fe5d245cde3f93	k__Chromista;p__Bacillariophyta;c__Bacillariophyceae	0.7441807091428592
e40069635a4524d4ded3280d51418daf	k__Chromista;p__Bacillariophyta	0.9887743441713182
dfba52fe69a4581dd525f8bcda99a8ca	k__Chromista;p__Bacillariophyta	0.9874555361671769
c61af40c4d27e4419b115f0eb56f78d3	k__Chromista;p__Bacillariophyta	0.9849532718886146
5cdf785853eaa7056c47e62cfd80ab9e	k__Chromista;p__Bacillariophyta	0.987462088280636
8429dff5761a7cfcd004dd20744ebc4d	k__Chromista;p__Bacillariophyta	0.9853195468029381
01176fcb73915a570308c9534b91d4ea	k__Sar;p__Ochrophyta	0.7643154821244513
959e38fb3368f55f3fcdee946bbc1341	k__Chromista;p__Bacillariophyta	0.9952025063238987
31e1b9a1bae668db48cdd4452e035ad9	k__Chromista;p__Bacillariophyta	0.9863213921765335
afc18bac59e22d77138b324ba492425d	k__Chromista;p__Bacillariophyta	0.9893599141302553
34d24852df0cc1daccc556dbb79515ff	k__Chromista;p__Bacillariophyta	0.98865561353715
9e656038fcbfda5c8c59c4aca2404c23	k__Chromista;p__Bacillariophyta	0.9714314937724169
d9f300d1262f75c873945dde710c12f7	k__Chromista;p__Bacillariophyta	0.9901311713341913
8888f2fe0e225532f0ef6803a23e1060	k__Chromista;p__Bacillariophyta	0.9867735541273588
8871dd0710e9cd7c66c1b7160f4bebd7	k__Chromista;p__Bacillariophyta	0.9859418837531722
9619ec380fc553fe2aefd71c2a3fadc8	k__Chromista	0.9906274731022241
859f779fec28acc60002806503e24fc8	k__Chromista;p__Bacillariophyta;c__Bacillariophyceae	0.7097819569845848
6248a88e727cd8d05a60f7d6aace3bfb	k__Chromista	0.9943240472815924
6ef90172ac3089448ee801a3edab9e61	k__Chromista	0.9902670606572033
3460513afab39ba3138ee39799c635dd	k__Chromista;p__Bacillariophyta	0.9864366144590991
cb182b1432ebb6dddf4af76ada6770a4	k__Chromista;p__Bacillariophyta	0.9846218460029699
f27b90640352dbc2e1fe19accec6c515	k__Chromista;p__Bacillariophyta	0.9852722430836046
438e6803b479720d3b73a5a6d1644714	k__Chromista	0.988815772099142
ef8dc4bf89493cbafa238b93f4bf7522	k__Chromista;p__Bacillariophyta;c__Bacillariophyceae	0.7073032978616567
6b3431a46afeddd6529e88341a131365	k__Chromista;p__Bacillariophyta;c__Bacillariophyceae	0.7044966464613633
4c6391b143bd3c17c03d263463c6ee60	k__Chromista	0.9879085349399215
48183b7370507871f125e5dc0a4a42c0	k__Chromista;p__Bacillariophyta	0.9852339526088086
337f79b9c1d7969ebe63cb50ec22a3b3	k__Chromista	0.989744617615975
a1d51e9d3734ef9ecfa99c415888096d	k__Chromista	0.9898963114337815
a97a315067ee97b55980267679541f9f	k__Chromista;p__Bacillariophyta	0.9770519640929051
19c3f8adc7bc8b7dbabdd8a2aa001599	k__Chromista	0.9878844761899964
fd5c7471d968ab6508644774899c41bf	k__Chromista;p__Bacillariophyta	0.9851474094857262
06fc2fc13924b039444aa8ab0e1e5bfb	k__Chromista	0.9903116209860366
83e739154b371c934bd36b407e2d9867	k__Chromista	0.9894960973243554
304d1bac244a929a9795ea9d43adf1f2	k__Chromista;p__Bacillariophyta;c__Bacillariophyceae	0.7357513904504288
42a983aaadd6caf3dc3f8bbbb6634569	k__Chromista	0.9895531408073849
0e58a35b08026b6e6afcfdc277fe4d25	k__Chromista	0.9843044075137162
bd71e0be7466ce61af7893200bf9c364	k__Chromista	0.9883571824940351
d55cdbcf067c3d84732a5fdbb37885db	k__Chromista	0.988660475085128
a131984aca25d1578b8ba263e9da5e9a	k__Chromista	0.9886392243388074
e3cd631484a4170366b0d66e1a67bfdc	k__Chromista	0.9902643125783158
f0d932f8934a16a75371bfb3f0354801	k__Chromista	0.9901658155280975
e453436e6ae29c298c1f6721e405ca87	k__Chromista;p__Bacillariophyta	0.9822219674131023
8c0defed6eadb9e391b5d1e0c89fabf4	k__Chromista;p__Bacillariophyta	0.9792233822255259
97d7a793446b60b160f0ad0ccc73ce54	k__Chromista;p__Bacillariophyta	0.9864934694045027
bf9070d6512f495aa729295e95116990	k__Chromista;p__Bacillariophyta	0.9897121566363316
dab1dc1275ad199ebe6b2f10976ed0a3	k__Chromista;p__Bacillariophyta	0.9809453381881029
4f5b5b46a98342b551a9583c0f0d3827	k__Chromista;p__Bacillariophyta;c__Bacillariophyceae	0.7284526703203082
457079471f66d6614013eae4cde37292	k__Chromista;p__Bacillariophyta;c__Bacillariophyceae;o__Naviculales;f__Brachysiraceae;g__Brachysira	0.7283545124105824
11a75959bfd807867802af3e11f56a70	k__Chromista;p__Bacillariophyta	0.9606848340804409
acf80dee6bda7bc7239e55250528e64e	k__Chromista;p__Bacillariophyta	0.986022572490425
4f5821628d30a7c4a58e9b2d725c1a10	k__Chromista;p__Bacillariophyta	0.9839625223686076
8f19409e7a38f5e46393feba168f028a	k__Chromista;p__Bacillariophyta	0.9772063492437519
6211982e3b599e1cdd5b1fba56749b47	k__Chromista;p__Bacillariophyta;c__Bacillariophyceae;o__Achnanthales;f__Cocconeidaceae;g__Cocconeis;s__Cocconeis_placentula	0.9898519480444937
c251aa7ea724f5da8d2c146e7ec922e2	k__Chromista;p__Bacillariophyta;c__Bacillariophyceae;o__Naviculales	0.7755583516280287
6b3c432090c221d1caaeac785c61721b	Unassigned	0.5319189900583059
45baf6884f6d55daf1a6e49dd84f7db5	k__Chromista;p__Bacillariophyta	0.9940421619614698
dfa29ace1d257487b71a819d578ae5ce	k__Chromista;p__Bacillariophyta	0.9903336408237494
b52a08a36165e09adc791f0ab3ac9ade	k__Sar;p__Ochrophyta;c__Raphidophyceae;o__Chattonellales	0.7478023313942601
82feb21d389ccb5a4de8073dc2b8cbdf	k__Chromista;p__Bacillariophyta	0.992439157352143
af6d6e96cadd364a1e810160408715d1	k__Chromista;p__Bacillariophyta	0.9893005186998245
3880ff8e5bd24c4e4a9dd2c6e10aa043	k__Chromista;p__Bacillariophyta	0.9871237079797158
5492d1916bdf95a845a03ecec2a07f45	k__Chromista;p__Bacillariophyta	0.9881861630750717
eaca883e930a45906ee203c14ec4d68f	k__Chromista;p__Bacillariophyta	0.9908897613161634
47fb10282dd10aef64a39d421704b778	k__Chromista;p__Bacillariophyta	0.9903277682079016
52faa149bd7a9a0c8484f45c09685456	k__Chromista;p__Bacillariophyta	0.9917445549963658
394219fa3311ea64d9412191880c9e4d	k__Chromista;p__Bacillariophyta	0.9881931482636845
500977064d78c84215c95adb88b88798	k__Chromista;p__Bacillariophyta;c__Bacillariophyceae	0.7033534864216713
e9e54d499da8636334a39dd219a46b59	k__Chromista;p__Bacillariophyta	0.9840452479125149
32f004fba592610e935f305bcbeb4309	k__Chromista;p__Bacillariophyta	0.9827670574113404
f278830fe834873f0eda9902e9e2ccc2	k__Chromista;p__Bacillariophyta	0.989414116647914
06ce75592e839bb327cf46da19196f8e	k__Chromista;p__Bacillariophyta	0.9852064201862741
762e744b1d2217f107427e18959f22a5	k__Chromista;p__Bacillariophyta	0.99327069352057
ae192edb8029a64548ca054c854867df	k__Chromista;p__Bacillariophyta	0.9926067811071518
6fee95fe0636b9f01f9136d182c1d838	k__Chromista;p__Bacillariophyta	0.98186212722063
147901d686caba0ead81c874ac0bdd24	k__Chromista;p__Bacillariophyta	0.9743288467698267
28194bb09ca9ca1f7cba13a0410395b7	k__Chromista;p__Bacillariophyta	0.9878745118692727
509df14754d0e500dbce729d4276ce2a	k__Chromista;p__Bacillariophyta	0.9816147654975834
4c87772b64309eecc280fdc667ba1487	k__Chromista;p__Bacillariophyta	0.984120351523325
fc7dfe822fbfbc2075ebb36e1fe1e56f	k__Chromista;p__Bacillariophyta	0.9890051056649849
e3ddb0764a415f9ac483bb4279f56889	k__Chromista;p__Bacillariophyta	0.9796893572268036
ece683be7de2c84fd93e5e20b00f19f0	k__Chromista;p__Bacillariophyta	0.9741224950560418
7eef19cc706f141e54af5767e37d4023	k__Chromista;p__Bacillariophyta	0.9810152645388076
31d3952335e0a20f388b0bf9921256cd	k__Chromista;p__Bacillariophyta	0.9920931752468194
0651a6f33c50a064668a16d7f0f29d3d	k__Chromista;p__Bacillariophyta	0.9906707148713916
9336305afb00bb7a862711a3a7df5aab	k__Chromista;p__Bacillariophyta	0.9814878477972904
f8b1d4443856538f7823b0f1b1a31543	k__Chromista;p__Bacillariophyta	0.9845811935264477
28d5893d54e29222c164f04e071401ab	k__Chromista;p__Bacillariophyta	0.9843747054137586
c1a88bf23f0350019558637ec0613c0b	k__Chromista;p__Bacillariophyta	0.9944575967066807
349b27d8a5a61f75294af113a4e4dabc	k__Chromista;p__Bacillariophyta	0.9732228257344038
37251e91a2c906a22c933f6f928cd31e	k__Chromista;p__Bacillariophyta	0.9956487813381231
bc6761e05c06cf6c46623078fc38ebb6	k__Chromista;p__Bacillariophyta	0.9913373479643793
cfe0983533866cedf2de567b49c5c486	k__Chromista;p__Bacillariophyta	0.9843916023533318
2017753cbe9c5df4e42034875fcfd8d0	k__Chromista;p__Bacillariophyta;c__Bacillariophyceae	0.7292891913634828
e4167942050e11a8fdda4bc8f75f29ed	k__Chromista;p__Bacillariophyta	0.9876524789692143
639d2234cf2701283841957dd6e995fa	k__Chromista;p__Bacillariophyta	0.9848178964416091
7b8ac99fe6a37a4dd47455f91569b3c3	k__Chromista;p__Bacillariophyta	0.984599027479161
ff585e9919359336c853a93e94d6ba0a	k__Chromista;p__Bacillariophyta;c__Bacillariophyceae	0.7072113798951478
17d4e4206380e3f48bf20250a6a0b6c7	k__Chromista;p__Bacillariophyta	0.983439691267234
467b2ddfaeb7586101fc1200952bc4bb	k__Chromista;p__Bacillariophyta	0.986166523609851
13a81fe96a83fe85daf66e683a99a3da	k__Chromista;p__Bacillariophyta	0.9868746707058014
7806ad561ec42ad0a25b27f3617c3ff3	k__Chromista;p__Bacillariophyta	0.9861255042868173
c7598e3e2b92e9880792f500b76de111	k__Chromista;p__Bacillariophyta;c__Bacillariophyceae	0.7657514581638161
f00a3ab89f9446e1c412f8e06624f07a	k__Chromista;p__Bacillariophyta	0.9877959110745462
83f2bad1afcef1b41f3f290a9d6e05b8	k__Chromista;p__Bacillariophyta	0.9873991315507882
df16ee9c25034d4f1987d3dabd245691	k__Chromista;p__Bacillariophyta	0.9760675008757733
5e9670ed2d69700b9b501d1c310de1eb	k__Chromista;p__Bacillariophyta	0.9580436316678845
d3d61724f133321025437c6bc69448eb	k__Chromista;p__Bacillariophyta;c__Bacillariophyceae	0.7812271719473671
5f32b98c7bf2336255af08da8a56e854	k__Chromista;p__Bacillariophyta	0.9891164628222742
0146f3c237240fb6e4140681ea5b6683	k__Chromista;p__Bacillariophyta	0.9496818375346452
9354f09c2224d7b89b69c21088d45636	k__Chromista;p__Bacillariophyta;c__Bacillariophyceae	0.727132144655695
c4dd22fe08dcca25b3a9004acae54693	k__Chromista;p__Bacillariophyta	0.9877039179513194
8dc51fabab1adc179cac143ed0ae49f9	k__Chromista;p__Bacillariophyta;c__Bacillariophyceae	0.7207656566058466
f0aea5c4eaf5e07e387b5c19d997ea69	k__Chromista;p__Bacillariophyta	0.9851480749363088
0d91d51309abe2e6f46c21dee9ae59a1	k__Chromista	0.9853523661140526
f322f6a87db38fc71d6e789669022cb3	k__Chromista;p__Bacillariophyta	0.9844377787516796
2020948dae2247bc711b2323a32bdb6a	k__Chromista;p__Bacillariophyta	0.9902369377443617
596017782ee9332c09589615dcb6b6a9	k__Chromista;p__Bacillariophyta	0.988575242015469
2a66d6e4ee57baa0a72ef0c7f50c7461	k__Chromista;p__Bacillariophyta	0.9852196637753003
fd74d2d224a49cac2feeeb38fea72d3b	k__Chromista;p__Bacillariophyta	0.9808499959490533
b9b5c88160a75fb422b989522d95e8ea	k__Chromista;p__Bacillariophyta	0.9873586006277688
431ffd61e20a97ac96fc7684eeb6e8bf	k__Chromista;p__Bacillariophyta	0.9927456703415949
39654378e5d1b1002fa89fb7e3c5aec8	k__Chromista;p__Bacillariophyta	0.9676589039080973
93b2d2165583774cc2b196ffa01b17e9	k__Chromista;p__Bacillariophyta	0.9735832921177654
ca3e5ea5f049caccc99a70ab5e154f3e	k__Chromista;p__Bacillariophyta	0.9873801658832325
6d0dbbaf3f9f642183206a3ee104660a	k__Chromista;p__Bacillariophyta	0.9893538045017252
99be50f3b13f1c2076a939784fecb841	k__Chromista;p__Bacillariophyta	0.986395333841749
f6bfb015b593d9965a1332e0f89fa38f	k__Chromista;p__Bacillariophyta	0.9826215045762843
1c0334ece3f9f4be78c0f666883714c0	k__Chromista;p__Bacillariophyta	0.9747846831096344
66e8d84f06760a294a8c1b6ca4c69758	k__Chromista;p__Bacillariophyta	0.9757242412462029
6420b46e6623bf09a6e8a34be40ebef4	k__Chromista;p__Bacillariophyta	0.9848084668461611
cc8a8010e2faaff3b8e3bf42fc467558	k__Chromista;p__Bacillariophyta	0.9738254157559221
7fe40104725c15bc6ceb5d4a76cc65a3	k__Chromista;p__Bacillariophyta	0.9858817424647133
1643fd803f867871cf6f9347affe4f5f	k__Chromista;p__Bacillariophyta	0.9824827448967517
8ef09fda01f6221d890b03516e51ef2b	k__Chromista;p__Bacillariophyta	0.9727304113637191
37197cc19ef1561982c7e9eb8a80be7e	k__Chromista;p__Bacillariophyta	0.9691938953596158
8632555de2a49ac817e15a194447b62b	k__Chromista;p__Bacillariophyta	0.9863222735120455
daccbd0f66cb09657172eb74421c8ee0	k__Chromista;p__Bacillariophyta	0.9851416661156975
2956899bdf9ecd340379f7f1162da442	k__Chromista;p__Bacillariophyta	0.9800496022708839
8e84804b775975c38797868538288629	k__Chromista;p__Bacillariophyta	0.9848132687120419
fec697ff7a1b2c75ec26a5956965addc	k__Chromista;p__Bacillariophyta	0.9839015489511115
cecb7c6b661f55d3d6288080aee46eac	k__Chromista;p__Bacillariophyta	0.9867052193446448
6ba7a483e4762fe6eb82c53080802ed2	k__Chromista;p__Bacillariophyta	0.9894978114477728
d98778d108435885b801e243722a8f46	k__Chromista;p__Bacillariophyta	0.9821425932035863
9950f4a18d3cc37d4ea4be8717d1bdcb	k__Chromista;p__Bacillariophyta	0.9895775725875313
d477567c29a84c66a8ceaa0c631a9647	k__Chromista;p__Bacillariophyta	0.9850012911996563
655c57877e08a9638f11f4d92764ba26	k__Chromista;p__Bacillariophyta	0.9798385648359855
c09acea62e1adc5557a9beed3625ab06	k__Chromista;p__Bacillariophyta	0.985484830474345
931cd00e035a6c94ee76464ca66f6b63	k__Chromista;p__Bacillariophyta	0.9858574202452435
6682d1114624bd8628bf5634ad394390	k__Chromista;p__Bacillariophyta	0.981427498300399
a4327546d31b6f09f23c24ff4655a710	k__Chromista;p__Bacillariophyta;c__Bacillariophyceae	0.7270445964992647
f2f4014880a71277f2a139cc8efcca82	Unassigned	0.9919115500153088
608f38ed9463ebc0bb49f8113e4b5d54	k__Chromista;p__Bacillariophyta	0.9825289382225701
38206018ce2d78e77568a6d5c04679c8	k__Chromista;p__Bacillariophyta	0.987590095184224
df13b4336657361a8adec37221dd3874	k__Sar;p__Ochrophyta	0.9953022231792548
9e3492e5a171a851050b88127882ba4d	k__Chromista;p__Bacillariophyta	0.995627893614248
6b49577916398f185cc53c00d0976fb8	k__Chromista;p__Bacillariophyta	0.9838320701897438
4993f07a317290bcedbe157ace8b2f91	k__Chromista;p__Bacillariophyta	0.9778325577643674
af70ca797f54a3cbf67a0bb8de9a0917	k__Chromista;p__Bacillariophyta	0.9839987937991187
5be18462dff2f26f9147601bfe912b82	k__Chromista;p__Bacillariophyta	0.9840499535252039
d2e68fbf51ce226c0f6b824dbde09616	k__Chromista;p__Bacillariophyta	0.9782800659200767
56998b040be18ebd69d5684ab70e8acf	k__Chromista;p__Bacillariophyta	0.9924275652573673
f83ecd7bd82b70c9f38c6dd8c999c365	k__Chromista;p__Bacillariophyta	0.9923654430948456
ae7fccc53d3751538718576c530c6e28	k__Chromista;p__Bacillariophyta	0.9806854010685493
970f253841f98370eff5fd5c3e35c2cd	k__Chromista;p__Bacillariophyta	0.9876278483449569
8238e25d99181ae12aa241cefdf7b2e5	k__Chromista;p__Bacillariophyta	0.9815832420635512
2a743636afe2f174a2504db65d70a64b	k__Chromista;p__Bacillariophyta	0.9864952953807425
705ff5886f9c51734b85b10258575ee4	k__Chromista;p__Bacillariophyta	0.9873883583961103
7ad40bd57cee6a0beff41356c60879ec	k__Chromista;p__Bacillariophyta;c__Bacillariophyceae	0.9812910954891032
1a9f0b25241b70d720da33e332de9875	k__Chromista;p__Bacillariophyta;c__Bacillariophyceae	0.99870294710016
0c9b0388ba62c50e1c68b18d05971dfd	k__Chromista;p__Bacillariophyta;c__Bacillariophyceae;o__Cymbellales;f__Cymbellaceae;g__Encyonema;s__Encyonema_minutum	0.7383284851610192
4afa81934ff5174fb064c3a46d8c4fac	k__Chromista;p__Bacillariophyta;c__Bacillariophyceae	0.9996019716945526
2af249b75ce328e3e97ed6ad29714e88	k__Chromista;p__Bacillariophyta;c__Bacillariophyceae;o__Naviculales;f__Pinnulariaceae;g__Pinnularia;s__Pinnularia_neomajor	0.7606481887935753
e2db753b4dce0f234db4caf62bb09029	k__Chromista;p__Bacillariophyta;c__Bacillariophyceae;o__Achnanthales	0.7083003159191485
a16e44887d2ad5ddca91d626e90e4717	Unassigned	0.511423245939669
5f4dd3fdd824fe9e9bb9606dc7dfceae	k__Chromista;p__Bacillariophyta	0.9849575259268435
ac1f0d15c720443ce88c3bda43ced821	k__Chromista;p__Bacillariophyta	0.986743684298373
1d80c46ae6af40a3b49b9a4f11202acd	k__Chromista;p__Bacillariophyta	0.9847598509476712
5cb4422db9eee627894cac9169f0450a	k__Chromista;p__Bacillariophyta	0.9906808297132885
90aeb8ae18a90cbc00daa3b38c725146	Unassigned	0.9902766743165746
a6c2fb8deae0a74e0513658c5a38a613	k__Chromista;p__Bacillariophyta	0.9897217302114845
6ca2778194ab29613ef853c601900234	k__Chromista;p__Bacillariophyta	0.9894007118139185
b2017b0a0b2913acc4b0db1e3cbef7d4	k__Chromista;p__Bacillariophyta	0.9830293452791279
49a7400e7dbbbccaa959ba9402636e89	k__Chromista;p__Bacillariophyta	0.9849579925188761
89a1e8b0d1e8470c857a8c78c9aaeca6	Unassigned	0.412969018259709
e5bd9a840fbdd59fe071311ce1c3b7f4	Unassigned	0.979687914979718
0cab0f3cb2fc7f8a2ac70b89e58cd2c1	k__Chromista;p__Bacillariophyta	0.9910974097232783
aff1daa5fa54dea84dd9da80c571bd60	k__Chromista;p__Bacillariophyta;c__Bacillariophyceae	0.9705178195108148
02bfc888b40330a7fb350fd09a1fc7b6	k__Chromista;p__Bacillariophyta;c__Bacillariophyceae;o__Achnanthales;f__Achnanthidiaceae;g__Achnanthidium	0.8398529080621894
0710a987ee9be89278a927cb47bfa43e	k__Chromista;p__Bacillariophyta	0.989915835654306
b1388850f432507f4add1c83bfdbd114	k__Chromista;p__Bacillariophyta	0.9940399086210642
b023a97233839fb732de39302443d417	k__Chromista;p__Bacillariophyta	0.9895484105395382
0c41ab2825210dbbd14e67cae6f1f6d5	k__Chromista;p__Bacillariophyta	0.9603142773879616
e252c0ede97c00052c18b5f38662b360	k__Chromista;p__Bacillariophyta	0.9904101664418563
8cacf7a548f415548dc1a1e4b53a272e	k__Chromista;p__Bacillariophyta	0.989847134861831
2eeb93d1c072f849a049928bdd3675c0	k__Chromista;p__Bacillariophyta	0.9869564497221628
6ec847df85fd0cf53b302eb950837b91	k__Chromista;p__Bacillariophyta	0.9863827885934937
9bbd516f1072308c7badc86e56f9ede2	k__Chromista;p__Bacillariophyta	0.9834692945066694
5e38d28cd52e71d6507814c52b7d298c	k__Chromista;p__Bacillariophyta	0.9871303045614733
db3de62b6b3724e6f47a8eaec9522473	k__Chromista	0.9886245323724754
4fa1b8d7f6276cbcf48bb417a9a12368	k__Chromista;p__Bacillariophyta	0.9908157091321309
6ac11bdff913a3e9b3203886a0970543	k__Chromista;p__Bacillariophyta	0.983515881662978
24caa34a8168d629955176d9d6e2b339	k__Chromista;p__Bacillariophyta	0.9942124108236392
54564a27f8d1defca5a8f54094ab8485	k__Chromista;p__Bacillariophyta	0.979134492256513
8cb1301e0e3aa44bca8f74e6d9b24e8e	k__Chromista;p__Bacillariophyta	0.9813263203409791
d89274a3ef1be03b316e39952c22d36d	k__Chromista;p__Bacillariophyta	0.9926825008556817
5eb64b80e059319e5529e889924d0918	k__Chromista;p__Bacillariophyta	0.9839654462585634
7aa120ae00262abae8836605870847c1	k__Chromista;p__Bacillariophyta	0.9881259391487602
ea3284c1b28e9350d12bf03bf60b0ba8	k__Chromista;p__Bacillariophyta	0.987651206570621
d71f80edc688d4c33e22eeec2113313a	k__Chromista;p__Bacillariophyta	0.9901548694495834
0eba2e8489d1f1a0ecc319af39f31940	k__Chromista;p__Bacillariophyta	0.9828156696152582
b8fd4a0e376d345bac041efab4be3b02	k__Chromista;p__Bacillariophyta	0.9921529933788938
efc423a337cf897dc7d505dec9abfae9	k__Chromista;p__Bacillariophyta	0.9808345005433539
7261f026599adfa4f556a3c13fae64dd	k__Chromista;p__Bacillariophyta	0.9878198082187151
f23cb52885dec8d339a12840a63db5b7	k__Chromista;p__Bacillariophyta	0.9857109248593277
92573142e383fbf144f846b204c91be5	k__Chromista;p__Bacillariophyta	0.9888027627168141
cdeb4da411caf29d13e042078580ac1f	k__Chromista;p__Bacillariophyta	0.9916438312428604
03433db058dde8b1a4e090707826e6a0	k__Chromista;p__Bacillariophyta	0.9851768804649362
898dfff18ba53a8188f0182c94d37052	k__Chromista;p__Bacillariophyta	0.9751659568863795
528108fdcda12c115ff40b96125ca935	k__Chromista;p__Bacillariophyta	0.9826106533052495
19f7e864fac0e5a2d6637ebe226bdb0c	k__Chromista;p__Bacillariophyta	0.9792444447290722
6c78d646d00221ed2cc1b4a439d31747	k__Chromista;p__Bacillariophyta	0.989039993714141
8f07de86a1b790a4d3d8f7bfaf1a3eef	k__Chromista;p__Bacillariophyta	0.9751281627751559
783f2114db1595db6f3ebd47743806bd	k__Chromista;p__Bacillariophyta	0.9807480090072771
064460776ea6d7576b72244eb3e856ed	k__Chromista;p__Bacillariophyta	0.9878078484194903
a929ea5f395a99bf446a2d98f60dd45c	k__Chromista;p__Bacillariophyta	0.9798451754088298
a65e9548fe28e888fe0bdac339736beb	k__Chromista;p__Bacillariophyta	0.9826298776160602
ee6184d2adadf1f446feee1d0090e758	k__Chromista;p__Bacillariophyta	0.9854453915815549
5ad22dbcbf8f5e9fd629464c49ab0248	k__Chromista;p__Bacillariophyta	0.9920886624307743
28e7b18205a55f64037e45f3fd5b05ea	k__Chromista;p__Bacillariophyta	0.9931162086237473
72191ae018875304adb465b543876fe8	k__Chromista;p__Bacillariophyta	0.9916149857470176
36fcbb1a06350e817d6730a35e4e7257	k__Chromista;p__Bacillariophyta	0.9906303871149305
97f9a890732dc729891e3afc2e353e58	k__Chromista;p__Bacillariophyta;c__Bacillariophyceae	0.7426844151891072
6f2ceeae37f5246704dc58b87311b8d1	k__Chromista;p__Bacillariophyta	0.9968284268706878
73ae47693af0974d88c9cd1e1caf74a7	k__Chromista;p__Bacillariophyta	0.985411574015507
df36b925afe0010a379bfab6b45c609e	k__Chromista;p__Bacillariophyta	0.9849390203968221
fcc089c2c336cb5eff0c62c3f9060308	k__Chromista;p__Bacillariophyta	0.9942605453631227
0301873b173be1e3d845b594f07ef60e	k__Chromista;p__Bacillariophyta	0.9945132039700594
20a23e272056eccfb60cf81b92516fce	k__Chromista;p__Bacillariophyta	0.9905864580428592
d5b1751887aa5c0dfe0a25b68b597b54	k__Chromista;p__Bacillariophyta	0.9926245683553472
96a59c6704b7d7c6075079fe3a7c78ad	k__Chromista;p__Bacillariophyta	0.9959990894588235
afffa72379be3c454a51234cadb14bd3	k__Chromista;p__Bacillariophyta	0.9948401743468209
a835467bcffc6757dfb218d960f51a54	k__Chromista;p__Bacillariophyta	0.9954728253528861
edf7b7db057f27306b6805dd9a26c2cc	k__Chromista;p__Bacillariophyta	0.9949237747195325
d019fcda198ad91dd4ab256569f6c3d4	k__Chromista;p__Bacillariophyta	0.9908409828224489
8307e1b0daf6a605a0ea29baeaf95a3f	k__Chromista;p__Bacillariophyta	0.9942784565868379
75056edaeceaa360483cd60f4e10d324	k__Chromista;p__Bacillariophyta	0.985340879642346
d08ec9684792bfec1eb5cc632aceaeae	k__Chromista;p__Bacillariophyta	0.9768616553116386
133dfef0ee0142de24d4bcc871a97ae5	k__Chromista;p__Bacillariophyta;c__Bacillariophyceae	0.7469292231218361
2404d0206f3433f34297e78e61a47906	k__Chromista;p__Bacillariophyta	0.9866549477624452
ca554de79433db501b6987ee13e21d8e	k__Chromista;p__Bacillariophyta	0.9886005523348776
b8d433ed6d8306547d77df1e754e519f	k__Chromista;p__Bacillariophyta	0.9904967466802291
58609ac83af2b62b73a72f9d8bf03365	k__Chromista;p__Bacillariophyta	0.9856062107099111
863787889d1c5c5087ee95fb1c980cf9	k__Chromista;p__Bacillariophyta	0.9921271110392238
b594edaee39f96eaf3c1ac4b8db76ce5	k__Chromista	0.9716077829984388
8e26ac2bc8799c394df2b260ef6d27c7	Unassigned	0.30784445150924755
e682892b85e3f51a9bcfce9305442cea	k__Chromista;p__Bacillariophyta	0.9234175561504983
69d974b60e33d35e29ce21303ae5d1fc	k__Chromista;p__Ochrophyta;c__Chrysophyceae;o__Chromulinales;f__Dinobryaceae;g__Dinobryon;s__Dinobryon_sociale	0.9999662148604443
d06c6b9965e4ba722218b0a06e2772a6	k__Chromista;p__Bacillariophyta;c__Bacillariophyceae	0.7006028144252932
f2695a2e46c41cada976629af1d2ecd4	k__Chromista;p__Bacillariophyta	0.9786876148606218
22b0b4adc853ec35e054d0049cf27c9f	k__Chromista;p__Bacillariophyta;c__Bacillariophyceae	0.9800666792621742
0cb20f4b328eccdec8c3da460865924c	k__Sar;p__Ochrophyta;c__Synchromophyceae;o__Synchroma_or;f__Synchroma fa;g__Synchroma ge;s__Synchroma grande_strain	0.8976779371220065
50aada939b5cf254cb4ad3a238528d08	k__Chromista;p__Bacillariophyta	0.9085924993161332
1f47b571f1751a6928bd7dcb2a818c0b	Unassigned	0.6401612022460117
7767857bf8b48aabc1bcc4a9bb299c00	k__Chromista;p__Bacillariophyta;c__Bacillariophyceae;o__Naviculales;f__Brachysiraceae;g__Brachysira	0.9966269327131977
c2e9f0a82665b1ad1def910e5f7ea8d0	k__Chromista;p__Bacillariophyta;c__Bacillariophyceae	0.8173201531882683
7a1bf0874cf2dd7a9ecfa3834468b9af	k__Sar;p__Ochrophyta;c__Chrysophyceae;o__Chromulinales;f__Chromulinaceae;g__Ochromonas;s__Ochromonas_sp.	0.9980684307002821
07e74cddcf5d064082989598b083d5ce	k__Chromista;p__Bacillariophyta	0.9946092346089302
4cf8c742c2bd78cf649e8cd331c21193	k__Chromista;p__Bacillariophyta;c__Bacillariophyceae	0.7036205371211406
c54261ede18288a69f5f228fc9dc84a0	k__Chromista;p__Bacillariophyta	0.9818866223035128
59f6140b0bfb8850b85b17222c53cf3e	k__Chromista;p__Bacillariophyta	0.9589987949917121
07313778f100d266a0bff2f72fc03229	k__Chromista;p__Bacillariophyta;c__Bacillariophyceae	0.7134055112358337
47c5c9efe738303b025d9149d94577ef	k__Chromista;p__Bacillariophyta	0.9918833113080994
c2b4942513bbdc1c117ff3bbe3bdc1db	k__Chromista;p__Bacillariophyta	0.9875039172495939
1c7c8d4315bdcec3ddf6cc096b6873d9	k__Chromista;p__Bacillariophyta	0.9870274061553312
99286880752ecaf5401c4dae784a38f7	k__Chromista;p__Bacillariophyta	0.9873768865520658
dd9db1f579cfde112464872ad219b891	k__Chromista;p__Bacillariophyta	0.9820809923226769
0b61936de512a6280fa21bdb35e5a3ca	k__Chromista;p__Bacillariophyta	0.9830898296304529
99ebeda64e0008595ee205016f15062a	k__Chromista;p__Bacillariophyta	0.9864167699649429
4f4e851d02c8db6417ff5fd6c099d07f	k__Chromista;p__Bacillariophyta	0.9891181426446547
eeb95120f829ae50aaaf9f1e0c269164	k__Chromista;p__Bacillariophyta	0.9983906858244962
9ee07d1feda9b5f7c6ffc24f5431838a	k__Chromista;p__Bacillariophyta	0.9908334333933851
0a4ecb792073e02c8d4562946ec17c15	k__Chromista;p__Bacillariophyta	0.983941572164029
c7947a3a43c157b55b1d5f94e97b6089	k__Chromista;p__Bacillariophyta	0.9845685084631101
2193593a7d0ed859d30a590a94700611	k__Chromista;p__Bacillariophyta	0.9879953394940431
973a8d4340be278af4b0ca3075ef61ec	k__Chromista;p__Bacillariophyta;c__Fragilariophyceae;o__Tabellariales;f__Tabellariaceae;g__Meridion;s__Meridion_circulare	0.9999952515592886
1830fc3e9b70ee327f28a3b67b6a556a	k__Chromista;p__Bacillariophyta;c__Fragilariophyceae;o__Tabellariales;f__Tabellariaceae;g__Meridion;s__Meridion_circulare	0.9999961976996826
03fee54235a14ae36c211dd9571bb29c	k__Chromista;p__Bacillariophyta;c__Fragilariophyceae;o__Tabellariales;f__Tabellariaceae;g__Meridion;s__Meridion_circulare	0.9999961967414057
91cec7a1b534b7afdbf4fb728133db4d	k__Chromista;p__Bacillariophyta;c__Fragilariophyceae;o__Tabellariales;f__Tabellariaceae;g__Meridion;s__Meridion_circulare	0.9999948023977867
4804fddf18ee18954d4b82da25dc0cf9	k__Chromista;p__Bacillariophyta;c__Bacillariophyceae;o__Naviculales;f__Sellaphoraceae;g__Sellaphora;s__Sellaphora_saugerresii	0.9999993498667958
0e26ad70fb547275ef7480fe2c704ef5	k__Chromista;p__Bacillariophyta;c__Bacillariophyceae;o__Naviculales;f__Sellaphoraceae;g__Sellaphora;s__Sellaphora_nigri	0.9999975305547162
edfaa48129b473b899b66473b0bf26cd	k__Chromista;p__Bacillariophyta;c__Bacillariophyceae;o__Naviculales;f__Sellaphoraceae;g__Sellaphora;s__Sellaphora_saugerresii	0.9863991705019083
dabaee64a6418352fa00340e3d11d758	k__Chromista;p__Bacillariophyta;c__Bacillariophyceae;o__Naviculales;f__Diploneidaceae;g__Diploneis	0.9995020110283497
79ac78e1f8a860edf472aa995ab54cdf	k__Chromista;p__Bacillariophyta;c__Bacillariophyceae;o__Bacillariales;f__Bacillariaceae;g__Nitzschia;s__Nitzschia_linearis	0.9998052924788761
31a8877934751aaaf420e4868f5c278d	k__Chromista;p__Bacillariophyta;c__Bacillariophyceae;o__Cymbellales;f__Gomphonemataceae;g__Gomphonema;s__Gomphonema_bourbonense	0.9997537142051147
9dbf444adb5d1b80d856556dbbcb31fe	k__Chromista;p__Bacillariophyta;c__Bacillariophyceae;o__Cymbellales;f__Gomphonemataceae;g__Gomphonema	0.8989700295681444
39c855b8dc28a7501cd9f0e707597695	k__Chromista;p__Bacillariophyta;c__Bacillariophyceae;o__Cymbellales;f__Gomphonemataceae;g__Reimeria;s__Reimeria_sinuata	0.997701164131014
b3755a70fbec6f97f09157e29b453a35	Unassigned	0.541407701335327
513fa4d81d5e35c288d42b9c245ddb13	k__Chromista;p__Bacillariophyta;c__Bacillariophyceae	0.8899515476398101
1bf655c1fad19fbac6aac4be7a649863	k__Chromista;p__Bacillariophyta;c__Bacillariophyceae;o__Bacillariales;f__Bacillariaceae;g__Nitzschia;s__Nitzschia_filiformis	0.9994747704569782
d9d94af6506e50441cd2925b84fd5b00	k__Chromista;p__Bacillariophyta	0.9999904939154227
c68a337262e3f2eaf4e75a7e8eb1dcab	k__Sar;p__Ochrophyta;c__Chrysophyceae;o__Chromulinales;f__Chromulinaceae;g__Chromulina;s__Chromulina_sp.	0.8347496755992344
3d9ce2fcb27e10ebc7108973641dada1	k__Chromista;p__Bacillariophyta	0.8901896426207616
ac17894eb64b27999beb95cbedc19056	k__Chromista;p__Bacillariophyta	0.902484552605638
689835d93ca4f3c367ee18d209f3bcc0	k__Chromista;p__Bacillariophyta	0.8068780639405225
a697540d8826f16e670c5c04e2f89c47	Unassigned	0.5827605176718904
e749400bbbe6dd5deb4b9ba42cc70a61	k__Chromista;p__Bacillariophyta;c__Bacillariophyceae;o__Bacillariales;f__Bacillariaceae;g__Nitzschia	0.9999950422772432
ee58cf2c662d97afe9145879d3b5aa70	k__Chromista;p__Bacillariophyta;c__Bacillariophyceae;o__Bacillariales;f__Bacillariaceae;g__Nitzschia;s__Nitzschia_palea	0.9967912914673034
6f07f9a78b8558f5e6f0d9b8ea24b61d	k__Chromista;p__Bacillariophyta;c__Mediophyceae;o__Thalassiosirales;f__Stephanodiscaceae;g__Pantocsekiella;s__Pantocsekiella_costei	0.8001291413513631
ccedf96610ca80b24fe6944ede95cf63	k__Chromista;p__Bacillariophyta;c__Bacillariophyceae;o__Eunotiales;f__Eunotiaceae;g__Eunotia;s__Eunotia_sp.	0.9412422976801205
4ed127cd10bc24063b24b39447024da1	k__Chromista;p__Bacillariophyta;c__Bacillariophyceae;o__Eunotiales;f__Eunotiaceae;g__Eunotia;s__Eunotia_pectinalis	0.999977582593343
18025aeaadfc3381370a6c932a0166c4	k__Chromista	0.9663122408564202
45128c5c988ba91adfab99a1fa4ba86a	k__Chromista;p__Bacillariophyta	0.9875409008617666
86c02aa663ff3da89505996056fc1433	k__Chromista;p__Bacillariophyta;c__Bacillariophyceae;o__Cymbellales;f__Gomphonemataceae;g__Gomphonema	0.997216430923352
8d6adf6d0ed110f99f5bd6aad8b79663	k__Chromista;p__Bacillariophyta	0.991311983969535
4608d2f01bda11b32bed5cf852bcbd86	k__Chromista;p__Bacillariophyta;c__Bacillariophyceae;o__Achnanthales;f__Achnanthaceae;g__Achnanthes;s__Achnanthes_coarctata	0.9999994959241142
8061a60e3dc192255421dacb4f9bd655	k__Chromista;p__Bacillariophyta	0.9869291480508636
73230802babb726ed3dd54b0bf2e8ab9	k__Chromista;p__Bacillariophyta	0.9906839290013516
96fd25ca99229e934f69246873dedf50	k__Chromista;p__Bacillariophyta	0.9886873497552409
a0b182437f3beeee674651d8ff56c024	k__Chromista;p__Bacillariophyta	0.9868578039706248
2cb4176f576a7bdefb162f597997832b	k__Chromista;p__Bacillariophyta	0.9871206937045628
c4e25a321f7e9544615321334df564c1	k__Chromista;p__Bacillariophyta	0.9949356995094298
ee423f99776d6422776ce0dc3444f496	k__Chromista;p__Bacillariophyta	0.9879904515705139
e40978a574295af0772de01e16d948f8	k__Chromista;p__Bacillariophyta;c__Bacillariophyceae	0.7079057432524607
0a0cbfe83eb6051c4815b452c8bebd42	k__Chromista;p__Bacillariophyta	0.98160085784439
96d2d6debca04a5c787df244023aa92b	k__Chromista;p__Bacillariophyta	0.9844584680126992
6a92a29ec7a690b9e662397075d23f80	k__Chromista;p__Bacillariophyta	0.9901432211710653
b022742c8bb98702870479978ac8108a	k__Chromista	0.9936495918851789
630f71048da59f3280f975dc8e11db81	k__Chromista	0.9924667087199869
5955df0ee54ab4d47983f158c6dcc0f4	k__Chromista	0.9918209366567932
94974c6a45236079676d99ad719a26e8	k__Chromista	0.9894116894299954
997a6a2aa6f9ad2866be22c6aa8fb900	k__Chromista	0.9949197467377161
785975dfce69322458453df79d332fd5	k__Chromista;p__Bacillariophyta	0.985932281089977
920ce1cbec9855c18aef76c80dd40d3d	k__Chromista	0.9899112787526987
18cf5f2f4fa8e6c89e0c34abb2c7de64	k__Chromista;p__Bacillariophyta	0.9797480394550764
cf084128b2d9336db32cab85c2bc7eb7	k__Chromista	0.9893640141893691
25b056f609c13b7a0e951cf20a803e1c	k__Chromista;p__Bacillariophyta	0.9802352790339977
7eac6b95f7ea2de0045a195db483a85d	k__Chromista;p__Bacillariophyta	0.9863930763878863
9aac0d2ec88cb14225c45fe7eeb5d5c7	k__Chromista	0.9914814459140188
ec5a96cfeca2fc16d4dca2f1dafacb44	k__Chromista	0.9907799409573813
48b0743747f4a15339ab1512f44a3700	k__Chromista	0.9938145885829981
10ae2714b3001c5f1eed5fa3862d9926	k__Chromista	0.9919230283459083
d395a7fbc49b6adc394b37c44843aa23	k__Chromista	0.9936742055426301
102d8b421b6d12ba033feaf2d4bfa030	k__Chromista	0.9900223793459008
0e90ec2f849b90e652282910030b932b	k__Chromista	0.9915311183275697
7a82ecdfa812586efa8e4796d0d19901	k__Chromista	0.9898407196658723
a8e10b161dbb421ddb6506da9cf15a1a	k__Chromista	0.9913576654088165
82fcfd782d4f9d7a305d3e2514fb5842	k__Chromista;p__Bacillariophyta	0.9843714163135704
cfad2d26ffe71883ad343f65747ce567	k__Chromista;p__Bacillariophyta	0.9870284433189689
7a07714fa612375ac4f900377138c6e7	k__Chromista;p__Bacillariophyta	0.994293769316276
e8e2b27e8e96b9ebb583a2e31b497cc7	k__Chromista;p__Bacillariophyta	0.9554475724511524
d3bfaa1a6d0cfe451965dd5f437af658	k__Chromista;p__Bacillariophyta	0.9925078128605047
06f0909c138edbb5a1a20591422c16f7	k__Chromista;p__Bacillariophyta	0.9925919293307739
6d2c3a03ccdb0dd4fc2ab0d5f9586a29	k__Chromista;p__Bacillariophyta	0.9800695892545963
a26bccefc6bc62f35072fd7cd52e0b12	k__Chromista;p__Bacillariophyta;c__Mediophyceae;o__Thalassiosirales;f__Skeletonemataceae;g__Discostella;s__Discostella_stelligera	0.997767524536905
e7c4c5021349b281b48e79543edcfb98	k__Chromista;p__Bacillariophyta;c__Bacillariophyceae;o__Achnanthales;f__Cocconeidaceae;g__Cocconeis;s__Cocconeis_placentula	0.9965665718416411
cfddb7c5f64ab8001861b1f2fd116989	k__Chromista;p__Bacillariophyta	0.9886898891861979
24202d76468b0226879a5509bec35170	k__Chromista;p__Bacillariophyta	0.992745745826087
97faeacd5b75417db170ef957f18cc9e	k__Chromista;p__Bacillariophyta	0.9906332923326142
67eb29ba288b697f6440b972e427c724	k__Chromista;p__Bacillariophyta	0.986818221392472
775082e9c8ae2be272dfb71722fc7b5b	k__Chromista;p__Bacillariophyta	0.9869837230257521
f9d89d1b949bbd91033a53d4400cef52	k__Chromista;p__Bacillariophyta	0.9953635521744515
f955e90fb6b906e8d5316517b9a420b2	k__Chromista;p__Bacillariophyta	0.9881057872298314
64a1b1cd9244de776cd47a7daf8246f5	k__Chromista;p__Bacillariophyta	0.9797605209516675
c4e7ceb4cee72711df4f9eaae4e291f0	k__Chromista;p__Bacillariophyta	0.9900964556205134
c6f7f8e8aa7affde461256486fe7acf2	k__Chromista;p__Bacillariophyta	0.9936577503954261
336cd343f193a6792796e4b801923f26	k__Chromista;p__Bacillariophyta;c__Bacillariophyceae	0.7438126938437184
444bfe2080cc33ead0a8d585686bb442	k__Chromista;p__Bacillariophyta	0.9918573521171999
83db15709be06b5367f6bdcfc3ab6b44	k__Chromista;p__Bacillariophyta	0.9881993467912609
b8f24ab6920e3e5704a391cad2e62fd7	k__Chromista;p__Bacillariophyta	0.9881535767017093
4f9f2c25165c1ae85361de0bb924cb61	k__Chromista;p__Bacillariophyta	0.9885867901597305
fa34cdbbd8883e6aa55617c439e5217a	k__Chromista;p__Bacillariophyta	0.9802002223342487
fdc02178b0c3d86a3b391761a46b27f1	k__Chromista;p__Bacillariophyta	0.9754389657623153
69b53976881e695611e6d1d103e5ed9d	k__Chromista;p__Bacillariophyta	0.9848301316747994
f9bb2c944b54002da68373f60eecb15c	k__Chromista;p__Bacillariophyta	0.9855287989952287
d04cdb40a850695c1de3af6aa85b36ba	k__Chromista;p__Bacillariophyta	0.9845546288732318
9901c1a4e66f2ed7b9ab79273b914007	k__Chromista;p__Bacillariophyta	0.992392130348063
33f381641aa8ec87325f15b476ab0410	k__Chromista;p__Bacillariophyta	0.9929514908024284
e2dae47751ee5dc4d2ee7048a413ed78	k__Chromista;p__Bacillariophyta	0.9745915580379932
e868a8415595222572ca354c6e78e480	k__Chromista;p__Bacillariophyta	0.9906134372481643
fececa8ca8961c5ea738bbf0d6bdcff1	k__Chromista;p__Bacillariophyta	0.9924183760207971
991239f0672c83ce93e2241e9413346c	Unassigned	0.9722703734543797
3e538d3fd86318d6dc840c303dbc1255	k__Chromista;p__Bacillariophyta	0.9904113191057373
625075fee5614069ca4b09fd349d97ce	k__Chromista;p__Bacillariophyta	0.9848006905411171
e8683ea207d594315607d1bc22a883ca	k__Chromista;p__Bacillariophyta	0.9890022477266399
3692ab994a8b5ed50260d39e94da2f11	k__Chromista;p__Bacillariophyta	0.9918619646185678
3452985e77bae1cbf0c0512b64c8a27e	k__Chromista;p__Bacillariophyta	0.987538986459099
3206bb850772851236b35c18d7322c57	k__Chromista;p__Bacillariophyta	0.9933743922289883
f2934be5e122ba4f0572c5620af844b7	k__Chromista;p__Bacillariophyta	0.9861316555100511
a12b117042df0803068348194e9225df	k__Chromista;p__Bacillariophyta	0.9888152387396467
268657400224d5467d06dd4bd2cd4be9	k__Chromista;p__Bacillariophyta	0.9786174710326622
552942b50d091549a9cbee6a5568446f	k__Chromista;p__Bacillariophyta	0.9966007656402844
6a56737273c450131a1321d6f8064f6f	k__Chromista;p__Bacillariophyta	0.9820638088100261
924b0ae6c1c40e3b63a25c3f6a91df1f	k__Chromista;p__Bacillariophyta	0.9724185718277965
4f464221defdcb2538bbc75dd303e2cc	k__Chromista;p__Bacillariophyta	0.9824353187363701
be788b67268772bad365d88a9f8e0e15	k__Chromista;p__Bacillariophyta	0.9816450770418648
67a476bfc3fe87a16c076cad250c822b	k__Chromista;p__Bacillariophyta	0.9828320629829549
32fa781f7c2ddea5093d26a42487e4d3	k__Chromista;p__Bacillariophyta	0.9826853647874023
39850472a9eb0168366292639993f988	k__Chromista;p__Bacillariophyta	0.9812200836851337
0e41c86705f67db69e9f62eca806d593	k__Chromista	0.9849397411598027
40528c5c00a759003b1a52fbbc14a4d0	k__Chromista;p__Bacillariophyta	0.9744794685531937
0652fe9ec7a2692fd51f5d67b8116e29	k__Chromista	0.9840795595699922
c9d30d86466ed1bc04e24ce3c4cc024c	k__Chromista	0.9820605937617315
f2067cfcf47f955a0d17ed9a6b5a3200	k__Chromista;p__Bacillariophyta	0.9819603349917423
33f4ee8b2ee23cd26411018ffcf5d35a	k__Chromista;p__Bacillariophyta	0.9812459461436138
92607c23bacd9e9ab2132b601450cb77	k__Chromista;p__Bacillariophyta	0.9820542774142339
a8caedb1a5026464ae4eddb844ba00ad	k__Chromista;p__Bacillariophyta	0.9805378267696492
18ecb6641a2ef1a9c5e30251c908c3d3	k__Chromista;p__Bacillariophyta	0.9811945174224994
a5e3ccfc956ad0390147df51af554578	k__Chromista;p__Bacillariophyta	0.9829577873357662
